"","AMZN.Open","AMZN.High","AMZN.Low","AMZN.Close","AMZN.Volume","AMZN.Adjusted"
"1",38.68,39.06,38.05,38.7,12405100,38.7
"2",38.59,39.14,38.26,38.9,6318400,38.9
"3",38.72,38.79,37.6,38.37,6619700,38.37
"4",38.22,38.31,37.17,37.5,6783000,37.5
"5",37.6,38.06,37.34,37.78,5703000,37.78
"6",37.49,37.7,37.07,37.15,6527500,37.15
"7",37.17,38,37.17,37.4,6465600,37.4
"8",37.36,38.21,37.27,38.2,4466400,38.2
"9",38.4,38.89,37.97,38.66,5643700,38.66
"10",38.7,39,37.78,37.88,5026800,37.88
"11",37.5,37.65,36.72,36.98,9105000,36.98
"12",36.69,37.48,36.6,37.02,6095900,37.02
"13",37.65,37.9,36.8,36.95,8317000,36.95
"14",36.9,37.07,36.3,36.43,5313600,36.43
"15",36.51,37.36,36.5,37.26,5271700,37.26
"16",38.08,38.23,36.78,37.08,6747600,37.08
"17",37.26,37.26,36.3,36.85,4139300,36.85
"18",36.7,37.45,36.54,37.43,7395000,37.43
"19",37.29,37.42,36.63,37.05,4813500,37.05
"20",36.95,38.19,36.76,37.67,7277500,37.67
"21",37.95,39.3,37.85,38.7,26123100,38.7
"22",37.23,37.74,36.68,37.39,25850700,37.39
"23",37.25,37.42,36.77,37.16,6110900,37.16
"24",37.2,38.41,37.08,38.27,8612700,38.27
"25",38.49,39.52,38.4,38.98,10503200,38.98
"26",38.95,39.51,38.67,39.1,5483600,39.1
"27",39.19,39.31,38.66,38.72,5960100,38.72
"28",38.79,38.99,38.36,38.85,3835700,38.85
"29",38.85,39.61,38.85,39.31,4505500,39.31
"30",39.23,40.28,39.14,40.14,6814100,40.14
"31",40.14,40.32,39.86,40.06,5088200,40.06
"32",39.9,40.44,39.87,40.33,4679000,40.33
"33",40.13,41.74,40,41.51,8903400,41.51
"34",41.19,41.32,40.92,41.26,4508400,41.26
"35",41.4,42,40.89,41,4926100,41
"36",41,41.2,40.74,40.78,5497400,40.78
"37",40.86,41.2,40.4,40.88,4035200,40.88
"38",40.19,40.54,38.78,38.83,8850700,38.83
"39",38.91,39.58,38.08,39.14,7687400,39.14
"40",39.32,39.32,38.05,38.85,9255800,38.85
"41",38.32,38.87,37.69,37.69,7787800,37.69
"42",37.15,38.32,37.04,37.05,9565600,37.05
"43",37.69,38.66,37.41,38.58,12848200,38.58
"44",38.68,39.32,38.28,38.36,8644600,38.36
"45",38.77,39.22,37.98,38.1,7629300,38.1
"46",38.48,38.89,38,38.84,6200100,38.84
"47",38.64,39.05,38.38,38.81,4879000,38.81
"48",38.3,38.88,37.69,37.82,5204100,37.82
"49",37.76,38.22,37.26,38.08,8591100,38.08
"50",38.1,38.29,37.55,37.78,7265700,37.78
"51",37.72,38.08,37.52,37.85,6865500,37.85
"52",38,38.54,38,38.45,4226600,38.45
"53",38.53,38.69,38.23,38.58,3801300,38.58
"54",38.55,39.8,38.31,39.8,4996400,39.8
"55",39.48,39.72,38.91,39.49,5331500,39.49
"56",39.56,39.6,38.98,38.98,2941500,38.98
"57",38.98,39.05,38.43,39.01,3521100,39.01
"58",38.82,39.42,38.76,39.37,3993600,39.37
"59",39.09,39.51,38.74,39.34,6202200,39.34
"60",39.65,39.92,39.3,39.81,6405200,39.81
"61",39.75,40.24,39.42,39.79,5996900,39.79
"62",39.85,40.47,39.55,40.42,7091300,40.42
"63",40.42,41.38,40.4,41.19,5968200,41.19
"64",41.22,41.55,40.92,41.53,4064700,41.53
"65",41.57,41.76,41.44,41.68,3288400,41.68
"66",41.72,42.14,41.61,41.66,4182700,41.66
"67",41.57,41.96,41.46,41.86,3421800,41.86
"68",41.73,41.87,41.24,41.68,5078400,41.68
"69",41.73,42.37,41.4,42.27,4754500,42.27
"70",42.19,42.5,41.93,42.41,3610000,42.41
"71",43.77,45.3,43.67,45.2,13444000,45.2
"72",45.28,45.32,44.75,45.07,7398900,45.07
"73",44.8,45.15,44.63,44.99,4996400,44.99
"74",44.61,45.15,44.41,44.64,4809700,44.64
"75",45.09,45.17,44.52,44.95,5980500,44.95
"76",44.27,44.81,44.16,44.77,7088600,44.77
"77",44.75,45,44.43,44.75,19887600,44.75
"78",53.12,57.18,52.95,56.81,104329200,56.81
"79",56.5,63.04,56.07,62.78,62179500,62.78
"80",61.24,63.84,60.62,62.6,50733400,62.6
"81",61.91,62.44,61.18,61.33,23979200,61.33
"82",61.12,62.04,60.28,62.04,18519000,62.04
"83",61.68,62.25,60.9,61.18,14427200,61.18
"84",61.08,62.54,60.76,62.19,13482000,62.19
"85",62.39,63.75,62.35,63.23,14299300,63.23
"86",62.43,63.23,60.71,60.82,14808300,60.82
"87",60.54,61.84,59.7,61.83,13551100,61.83
"88",62,62.95,61.3,62.85,8874900,62.85
"89",62.44,62.65,60.85,60.92,10052000,60.92
"90",60.96,61.6,60.56,61.56,7919100,61.56
"91",61.68,61.74,60.6,61.7,7760400,61.7
"92",61.4,61.97,60.52,60.58,8702100,60.58
"93",61.02,63.34,60.1,63.22,14485400,63.22
"94",62.88,63.52,62.02,62.17,11870900,62.17
"95",62.48,63.3,62.28,63.3,9799200,63.3
"96",63.58,68.68,63.3,68.3,36468800,68.3
"97",68.48,69.07,67.21,68.88,17211300,68.88
"98",69.21,73.31,68.79,69,42582500,69
"99",69.04,70.42,67.71,69.35,23824600,69.35
"100",69.69,69.7,68.25,68.55,9987200,68.55
"101",68.43,69.78,67.72,69.63,11730800,69.63
"102",69.06,70.08,68.86,69.86,10576100,69.86
"103",70.68,70.74,68.57,69.14,9310200,69.14
"104",68.9,69.3,68.35,68.58,7014500,68.58
"105",68.25,70.65,67.65,70.42,11380500,70.42
"106",71.1,74.24,70.86,73.65,30442500,73.65
"107",73.14,73.75,71.86,72.29,15591000,72.29
"108",72.57,74.72,70.88,72.04,24138200,72.04
"109",72.47,73.24,71.05,73.24,10204500,73.24
"110",73,73.05,71,71.17,11159100,71.17
"111",70.44,70.76,69.42,70.07,11829500,70.07
"112",70.9,71.89,69.25,70.89,11917900,70.89
"113",70.9,72.12,70.8,71.94,8245300,71.94
"114",72.85,72.87,71.19,72.4,9833200,72.4
"115",72.34,72.64,71.4,71.83,7813600,71.83
"116",71.55,71.66,69.68,69.81,11871000,69.81
"117",70.25,70.5,69.05,69.1,9172600,69.1
"118",69.16,69.77,68.66,69.67,7609700,69.67
"119",69.55,69.88,68.42,68.86,8382600,68.86
"120",69.35,69.63,68.3,68.66,7593500,68.66
"121",68.53,68.63,67.38,67.48,11247800,67.48
"122",66.96,68.21,66.71,68.14,8242900,68.14
"123",68.46,70.23,68.15,68.89,9782200,68.89
"124",69.03,69.19,68.15,68.41,5316600,68.41
"125",68.81,69.71,68.2,69.61,4906100,69.61
"126",70.04,70.05,69.02,69.45,2223500,69.45
"127",69.36,69.65,68.06,68.73,4487900,68.73
"128",68.75,69.3,68.01,68.97,4615300,68.97
"129",69.38,72.35,69.02,72.07,14816900,72.07
"130",71.65,71.94,70.07,70.28,8885400,70.28
"131",70.58,71.65,70.15,70.73,6593600,70.73
"132",71.31,73.57,70.73,72.79,11451600,72.79
"133",73.08,75.35,72.97,75.1,12502000,75.1
"134",74.73,74.84,73,73.69,8334900,73.69
"135",74.39,74.52,73.59,73.79,6084400,73.79
"136",73.27,73.49,72.25,73.32,6289700,73.32
"137",74.24,74.32,73.12,73.35,5273500,73.35
"138",72.62,72.96,70.5,71.63,9130700,71.63
"139",71.78,72.67,70.85,71.74,9267800,71.74
"140",71.04,72.16,68.85,69.25,25342300,69.25
"141",84.66,88.8,83.65,86.18,60452400,86.18
"142",85.02,89,83.43,84.01,23267100,84.01
"143",84.27,85.33,82.48,84.04,13942600,84.04
"144",83,84.05,81.51,82.7,12855600,82.7
"145",83.7,83.73,78,78.54,14104500,78.54
"146",78.1,78.15,75.06,77.31,16918000,77.31
"147",77.86,79.76,76.12,79.71,10361600,79.71
"148",79.54,80.75,76.71,76.8,7987500,76.8
"149",77.06,79,76.6,79,9002900,79
"150",78.55,80,77.89,79.14,8059300,79.14
"151",79.77,79.88,76.56,77.78,8244800,77.78
"152",76.4,77.26,74.11,74.11,8348400,74.11
"153",73.15,76.5,72.37,74.78,9067600,74.78
"154",76.09,76.32,74.7,74.87,6068600,74.87
"155",74.79,74.79,72.92,73.45,5946200,73.45
"156",73.02,75.15,72.26,72.38,6375900,72.38
"157",72,73.24,70.05,72.79,10787300,72.79
"158",74.49,75.04,73.11,75.02,7240600,75.02
"159",74.98,75.28,73.8,74.7,5916100,74.7
"160",74.21,77.83,74.09,77.49,8429100,77.49
"161",78.24,79.49,77.84,78.5,6848100,78.5
"162",78.94,79,76.51,77.3,5665000,77.3
"163",76.8,79.4,76.69,79.25,5665700,79.25
"164",80.56,80.8,78.42,78.65,6951300,78.65
"165",77.86,78.65,76.08,76.22,5767000,76.22
"166",76.96,79.05,76.86,79.05,5076800,79.05
"167",78.4,80.11,78.3,78.68,4628800,78.68
"168",80,80.53,79.7,79.91,6157400,79.91
"169",79.9,83.53,79.73,82.7,8266000,82.7
"170",82.24,84.89,82.22,83.75,9062200,83.75
"171",84.5,86.46,82.85,86.21,8826900,86.21
"172",84.7,84.97,83.21,84.52,8231200,84.52
"173",84.93,85.16,82.51,83.34,5366900,83.34
"174",84.17,86.61,83.53,86.28,6859800,86.28
"175",86.07,88.89,85.97,87.3,9030300,87.3
"176",87.95,88.07,86.5,87.26,5983500,87.26
"177",86.41,88.09,86.31,87.77,3954700,87.77
"178",86.98,87.34,85.98,86.91,4484500,86.91
"179",87.38,91.6,86.71,88.75,8924400,88.75
"180",89.52,89.82,88.26,89,6458700,89
"181",88.9,90.42,88.82,89.65,5780800,89.65
"182",90.29,91.9,89.65,91.3,6524500,91.3
"183",91.3,93.75,90.81,92.59,5321800,92.59
"184",91.99,93.5,90.95,93.48,5800300,93.48
"185",94.04,94.26,92.29,93.43,5770300,93.43
"186",94.07,94.11,93.11,93.38,2812700,93.38
"187",92.77,93.6,91.7,93.15,4813700,93.15
"188",93.42,94.1,92.83,93.41,5397400,93.41
"189",93.86,93.9,91.4,92.36,4867200,92.36
"190",92.19,92.8,91.78,92.46,5052200,92.46
"191",92.55,92.57,91.45,92.26,3318300,92.26
"192",93.55,93.71,92.34,93.43,5523500,93.43
"193",94.22,95.85,94,95.85,7428400,95.85
"194",96.59,96.73,94.75,95.32,7144600,95.32
"195",95.5,95.75,94.37,94.66,5567800,94.66
"196",95.33,95.74,88.13,89.34,9822400,89.34
"197",89.42,92.39,88.92,92.37,8359900,92.37
"198",91.8,92.12,90.1,90.53,5608800,90.53
"199",88.69,90.05,88.5,89.53,8511500,89.53
"200",91.9,91.9,89.06,90.55,7678700,90.55
"201",89.37,90.43,89.15,89.85,5329500,89.85
"202",89.93,90.65,89.32,89.76,9126200,89.76
"203",89.25,91.69,89.02,91.29,9868400,91.29
"204",95.28,101.09,94.21,100.82,41761800,100.82
"205",90.87,90.88,83.27,88.73,41617400,88.73
"206",88.23,89.5,86.32,88.21,11630900,88.21
"207",89,90.88,87.7,90,8826200,90
"208",90.41,91.47,89.48,90.1,7097200,90.1
"209",89.67,90.65,88.05,88.24,5405400,88.24
"210",88.05,89.6,87,89.15,7044800,89.15
"211",87.75,89.58,86.5,87.65,8265700,87.65
"212",87.97,88.12,83.5,85.98,10230500,85.98
"213",84.35,86.02,82.76,84.37,7453100,84.37
"214",84.61,87.5,84.37,87.27,7934000,87.27
"215",86.41,89.16,86.16,87.04,8397800,87.04
"216",86.8,86.96,81.4,83.58,11803200,83.58
"217",82.42,82.42,78.84,78.89,11620200,78.89
"218",78.26,80.09,76.5,77,9396900,77
"219",77.91,80.05,77.8,79.86,9496300,79.86
"220",80.4,81.15,78.15,78.51,8427400,78.51
"221",79.43,79.73,76.7,77.85,7831500,77.85
"222",77.01,78.99,76.63,78.6,7114100,78.6
"223",78.83,79.75,77.94,79.18,8649800,79.18
"224",79.86,82,78.31,80.39,11610000,80.39
"225",79.24,80.86,78.65,79.76,6678300,79.76
"226",80.11,81.45,78.98,81.43,2780900,81.43
"227",82.3,84.49,81.14,81.3,8610500,81.3
"228",82.92,85.65,82.21,85.59,8634200,85.59
"229",87.55,90.57,86.75,90.3,11403400,90.3
"230",89.89,91.47,88.68,89.15,6977100,89.15
"231",90.56,91.08,88.31,90.56,6881600,90.56
"232",90.03,92.25,89.77,90.91,6000500,90.91
"233",90.04,94.56,90.04,94.41,7337900,94.41
"234",94.99,94.99,91.98,93.19,6608600,93.19
"235",93.28,95,92.83,94.21,5472700,94.21
"236",94.56,94.68,92.91,94.31,3934800,94.31
"237",94.31,94.35,92.3,93.02,5180600,93.02
"238",93.1,95.94,90.75,90.75,10269600,90.75
"239",92.84,93.75,89.32,91.28,7228100,91.28
"240",91.05,93,90.63,92.4,6046300,92.4
"241",90.77,91.24,88.93,89.08,6002300,89.08
"242",89.01,89.06,84.99,85.09,7697700,85.09
"243",85.83,87.46,83.86,86.89,7266100,86.89
"244",86.94,89.95,86.83,89.38,7616200,89.38
"245",90.14,90.75,89.09,90.58,5879800,90.58
"246",91.47,92.28,90.39,91.26,6604900,91.26
"247",91.05,91.56,90.3,91.01,2017100,91.01
"248",91.48,93.94,90.5,92.85,5442200,92.85
"249",92.67,95.29,92.5,94.25,7113700,94.25
"250",95.27,95.9,92.1,94.45,7587900,94.45
"251",93.81,94.37,92.45,92.64,5755200,92.64
"252",95.35,97.43,94.7,96.25,13858700,96.25
"253",96.06,97.25,94.52,95.21,9122500,95.21
"254",93.26,93.4,88.5,88.79,10270000,88.79
"255",88.62,90.57,85.47,88.82,9981600,88.82
"256",87.55,91.83,86.93,87.88,12283300,87.88
"257",87.56,87.8,80.24,85.22,16410900,85.22
"258",83.98,85.97,82.97,84.26,11609900,84.26
"259",84.03,84.03,80.29,81.08,10624300,81.08
"260",82.18,83.32,78.87,82.87,9056100,82.87
"261",80.49,81.01,78.51,80.24,9655900,80.24
"262",79.58,82.36,78.44,80.35,12407000,80.35
"263",80.16,82.25,79.54,80.12,9900900,80.12
"264",79.93,82.31,78.04,79.76,13364300,79.76
"265",73.58,79.72,72.22,78.48,12822200,78.48
"266",75.6,76.8,69.95,73.97,20405700,73.97
"267",74.53,77.88,74.19,77.67,9886600,77.67
"268",78.69,81.43,76.33,77.6,10027600,77.6
"269",76.91,77.4,74.34,75.82,8505300,75.82
"270",75.77,75.9,72.06,73.95,9958000,73.95
"271",73.54,77.42,73.25,74.21,25298700,74.21
"272",68.91,78.87,68.84,77.7,42885900,77.7
"273",79.02,79.4,73.37,74.63,16361000,74.63
"274",74.5,76.66,73.9,73.95,9155200,73.95
"275",72.8,74.21,72,72.09,9633900,72.09
"276",72.3,72.43,68.17,68.49,12399500,68.49
"277",67.37,72.71,67.22,70.91,14501700,70.91
"278",73.4,74.6,72.52,73.5,11700400,73.5
"279",73.14,75.96,72.77,75.19,7763700,75.19
"280",75.43,77.05,73.79,74.45,9449000,74.45
"281",74.99,78.85,73.27,77.73,11070300,77.73
"282",77.73,77.88,75.18,75.8,7497200,75.8
"283",75,75.19,71.94,72.96,11120100,72.96
"284",73.54,74,71.55,72.08,7109200,72.08
"285",71.9,73.88,71.1,73.64,6450700,73.64
"286",73.94,74.21,69.37,69.9,13150800,69.9
"287",70.54,72.21,69.86,72.08,12342700,72.08
"288",72.35,73.5,71.41,73.27,7858200,73.27
"289",71.91,73.5,70.28,71.69,9891300,71.69
"290",70.68,71.48,69.57,70.87,8930500,70.87
"291",70.3,70.6,67.11,67.85,13167800,67.85
"292",67.01,67.5,63.97,64.47,11664600,64.47
"293",63.59,64.49,61.2,62.43,13721100,62.43
"294",61.67,66.6,61.23,65.34,16703600,65.34
"295",65.66,66.34,63.82,64.99,11126400,64.99
"296",64.75,65.46,62.5,62.74,8343300,62.74
"297",62.2,64.87,62.01,64.09,10438100,64.09
"298",63.9,65.15,62.91,63.47,9321000,63.47
"299",65.95,67.17,63.71,67.15,9742900,67.15
"300",66.77,68.23,65.64,66.51,7748800,66.51
"301",65.11,69.55,64.37,68.32,10707500,68.32
"302",68.61,70.68,66.06,68.22,12420700,68.22
"303",65.72,67.79,64.92,66.53,9709100,66.53
"304",68.25,71.93,67.59,71.7,9550700,71.7
"305",71.1,74,70.17,70.17,11041900,70.17
"306",70.17,73.49,69.38,73.19,11410700,73.19
"307",73.82,76.93,72.75,75.95,9395400,75.95
"308",75.83,76.29,74.05,75.17,6327500,75.17
"309",74.14,75.12,73.24,73.8,6285100,73.8
"310",74.37,74.69,70.8,70.8,7942400,70.8
"311",71,72.21,69.26,69.76,5279100,69.76
"312",70.25,71.64,69.63,71.3,5470300,71.3
"313",72.99,77.09,72.76,76.7,9734000,76.7
"314",77.08,79,76.12,77.37,8592400,77.37
"315",75.15,76.01,73.81,74.94,8149900,74.94
"316",75.26,77.83,74.28,76.87,7152800,76.87
"317",77.36,78.43,76,76.9,6672400,76.9
"318",76.4,77.61,75.5,77.3,4966000,77.3
"319",76.56,76.67,73.66,74.39,6660300,74.39
"320",74.48,75.49,72.73,74.83,6255500,74.83
"321",73.84,74.3,71.62,71.99,6785600,71.99
"322",71.7,74,71.29,72.61,4354500,72.61
"323",72.97,73.98,70.65,72.5,6813100,72.5
"324",73.02,75,72.94,74.59,6746800,74.59
"325",74.18,75.02,73.61,74.04,6220000,74.04
"326",76.48,82,76.32,80.1,16791300,80.1
"327",80.03,81.34,79.06,80.18,9335400,80.18
"328",79.94,79.94,77.54,79.6,7245000,79.6
"329",80.3,82.64,78.74,81,19250400,81
"330",77.71,80.53,76.93,77.69,21073500,77.69
"331",77.81,81.32,77.26,80.86,9456500,80.86
"332",80.64,82.5,80.12,81.97,10991900,81.97
"333",81.42,81.77,79.86,80.74,6726400,80.74
"334",80.9,81.34,77.92,78.63,7875700,78.63
"335",78.4,80.01,77.97,79.36,7197000,79.36
"336",80.3,81.2,76.4,77.31,8154900,77.31
"337",77.27,77.77,75.87,75.92,5647400,75.92
"338",75.51,76.77,75.05,75.71,6545700,75.71
"339",75.26,76.64,73.09,73.18,8376600,73.18
"340",73.73,74.16,71.56,72.79,8131300,72.79
"341",72.2,73.34,71.66,72.41,4243500,72.41
"342",73,74.93,71.78,74.53,7215400,74.53
"343",74.57,74.96,73.31,74.56,5020800,74.56
"344",74.92,75.75,73.98,74.2,4589200,74.2
"345",73.89,76.32,73.55,76.12,6917700,76.12
"346",76.42,76.83,74.86,76.46,6206700,76.46
"347",79.01,84.75,78.86,82.29,18684800,82.29
"348",82.17,82.7,80.03,80.72,7912200,80.72
"349",80.37,81.15,77.5,78.3,7070500,78.3
"350",78.68,79.69,78,79.26,5390600,79.26
"351",78.55,78.87,77.43,78.35,6331900,78.35
"352",78.26,80.9,77.97,80.62,10108200,80.62
"353",80.73,80.79,78.99,80.08,6700600,80.08
"354",80.61,81.96,80.17,80.35,6857600,80.35
"355",80.58,81.77,80.3,81.62,5270600,81.62
"356",81.15,81.57,80.05,80.23,6215200,80.23
"357",80.71,81.89,79.26,80.11,5870000,80.11
"358",80.11,81.82,79.72,81.5,6458300,81.5
"359",82.11,84.88,81.8,84.51,8938700,84.51
"360",83.24,83.64,80.56,80.63,7843700,80.63
"361",81.19,81.53,78.12,79.43,6537300,79.43
"362",78.2,81.04,78.2,79.62,6065600,79.62
"363",79.35,80,77.03,77.28,5874500,77.28
"364",78.02,79.05,75.01,76.15,6204400,76.15
"365",76.7,80,76.7,79.17,5974500,79.17
"366",78.42,82.53,78.41,81.7,5754400,81.7
"367",83.15,84.3,82.8,82.97,8802400,82.97
"368",82,83.17,81.32,82.52,6846600,82.52
"369",82.21,84.47,81.5,84.26,6717300,84.26
"370",83.1,83.46,80.51,81.1,6588900,81.1
"371",81.3,82.15,79.55,80.68,7425800,80.68
"372",79.55,80.79,77.63,79.64,7140100,79.64
"373",80.45,82.15,79.52,80.51,7393300,80.51
"374",79.1,79.89,76,76.3,11310100,76.3
"375",75.59,76.07,72.62,74.66,11840500,74.66
"376",75.03,76.12,73.21,73.33,7104100,73.33
"377",72.24,74.23,70.52,73.62,10292500,73.62
"378",74.16,74.41,71.38,71.44,7044400,71.44
"379",72.51,73.84,70.52,72,4248200,72
"380",72.37,74.4,70.76,72.49,7355500,72.49
"381",72.38,75.49,71.75,75.04,7916000,75.04
"382",74.56,74.9,70.48,70.61,6912100,70.61
"383",70.7,71.77,67.99,70.63,9941600,70.63
"384",69.4,69.99,66.74,68.54,7930000,68.54
"385",69.31,69.5,65.59,66.28,9021300,66.28
"386",65.87,68.62,62.99,67.03,11342100,67.03
"387",66.94,72.75,66.84,71.84,12038900,71.84
"388",71.2,72.38,67.74,72.11,9597400,72.11
"389",69.94,70.84,68.4,69.12,8298000,69.12
"390",69.52,69.8,66.3,68.48,6896900,68.48
"391",67.09,69.14,65.88,67.97,8795800,67.97
"392",67.46,72.07,67.46,70.54,17916200,70.54
"393",76.3,82.38,76.29,78.72,30996600,78.72
"394",79.63,80.94,78.12,78.31,9150700,78.31
"395",77.09,78.31,74.86,75.98,10480200,75.98
"396",76.49,78.8,76.16,78.21,6770900,78.21
"397",78.36,79.85,76.42,78.21,7567300,78.21
"398",76.75,78.17,76.1,76.34,5300700,76.34
"399",76.36,76.49,74.05,75.75,4774500,75.75
"400",75.99,77.3,75.01,75.71,4498200,75.71
"401",76.92,79.52,76.52,79.11,7794600,79.11
"402",78.55,78.63,76.73,78.09,6406100,78.09
"403",77.01,78.05,76,76.95,5444800,76.95
"404",76.78,81.21,76.29,80.51,9162700,80.51
"405",80.18,91.75,79.78,88.09,25070200,88.09
"406",87.32,88.48,86.1,87.25,8026500,87.25
"407",86.28,88.25,84.54,86.69,7208800,86.69
"408",85.71,88.75,85.22,88.03,6901700,88.03
"409",88.28,89.53,86.26,86.4,6871600,86.4
"410",86.09,86.28,83.04,83.11,6547400,83.11
"411",83.09,83.51,81.06,81.29,6630400,81.29
"412",82,83.25,81.2,82.13,5950600,82.13
"413",81.41,83.77,80.98,83.26,6157800,83.26
"414",84.27,85.46,83.93,85.26,4677800,85.26
"415",84.63,84.64,82.45,82.85,4356400,82.85
"416",82.74,83.12,81.25,81.76,4374200,81.76
"417",81.44,82.74,81,81.73,5627300,81.73
"418",82.21,83.65,81.8,83.42,7834100,83.42
"419",82.9,82.9,80.5,80.81,4728700,80.81
"420",83.16,84.5,81.21,81.41,6000800,81.41
"421",81.4,82,80.02,80.77,5742600,80.77
"422",80.6,80.81,78.02,78.03,8316500,78.03
"423",77.34,80.72,77.08,79.19,8069100,79.19
"424",82.25,83.75,78.85,81.16,9490600,81.16
"425",80.76,81.96,78.99,79.04,5821800,79.04
"426",80.01,80.22,76.15,76.74,9444700,76.74
"427",75.27,79.8,75.1,79.51,7813600,79.51
"428",78.81,79.6,76.62,78.3,6480100,78.3
"429",76.86,79.88,76.3,77.34,8980800,77.34
"430",76.8,79.63,76.67,78.73,13092200,78.73
"431",77.68,78.24,71.24,71.54,13165600,71.54
"432",73.08,77.5,70.08,76.5,12397200,76.5
"433",80.12,86.77,76.5,81,14772200,81
"434",81.13,81.63,74.32,74.93,7037700,74.93
"435",75.79,76.29,70.77,71.76,8594200,71.76
"436",72.3,73.65,68.94,69.96,9372400,69.96
"437",70.66,72.75,70.01,72.08,6073000,72.08
"438",69.52,71.05,68.08,70.7,6747100,70.7
"439",68.41,69.37,61.32,63.35,12004300,63.35
"440",65.84,73.12,65.32,72.76,13046900,72.76
"441",71.78,71.99,68.41,69.58,9622200,69.58
"442",67.63,68.96,65.41,67.36,8726100,67.36
"443",69.42,70.95,66.59,67,11228100,67
"444",64.06,65.89,60.47,65.23,13385500,65.23
"445",65.79,66.43,58.5,58.52,12756000,58.52
"446",55.64,62.75,55.35,61.02,14324500,61.02
"447",61.97,63.5,56,56,13930900,56
"448",52.99,59.75,51.05,56.25,18021700,56.25
"449",58.96,62.21,57.37,62.02,11194800,62.02
"450",63.5,64,54.8,55.86,17306600,55.86
"451",54.46,54.69,48.35,48.72,16257600,48.72
"452",46.4,50.7,43.39,50.29,22081100,50.29
"453",48.83,62.33,48.41,50.65,12946400,50.65
"454",52.17,53.1,49.91,52.97,8452100,52.97
"455",51.86,52.95,49.92,50.23,8669600,50.23
"456",50.05,52.47,47.9,49.99,19513200,49.99
"457",43.37,50.91,43.31,50.32,32601900,50.32
"458",44.75,52.32,44.5,48.96,19605900,48.96
"459",49,52.59,48.43,49.58,11759200,49.58
"460",51.5,56.3,49.07,56.04,14834700,56.04
"461",55.53,59.79,54.52,56.89,15196300,56.89
"462",58.76,59.89,55.08,56.71,11125700,56.71
"463",56.01,57.25,55.01,57.24,8534600,57.24
"464",56.35,57.25,55.02,55.77,7170100,55.77
"465",57.16,58.73,55.22,58.45,7663800,58.45
"466",57.47,58,51.62,51.98,11498400,51.98
"467",49.8,51.04,46.3,47.22,15487800,47.22
"468",47.76,49.79,47.01,49.21,7439600,49.21
"469",49.98,50.68,46.86,48.46,8964900,48.46
"470",47.1,48.06,44.81,46.3,9939200,46.3
"471",43.99,45.44,40.9,41.56,14768600,41.56
"472",41.4,45,38.48,44.93,16935300,44.93
"473",43.61,44.5,41.5,41.75,11949700,41.75
"474",39.91,41.26,39.07,39.69,10711800,39.69
"475",39.73,40.66,36.08,38.44,15049200,38.44
"476",37.97,39,35.75,35.84,12521100,35.84
"477",35.29,39.72,34.68,35.03,18423900,35.03
"478",36.39,39,35.72,37.87,15042700,37.87
"479",38.79,43.44,38.7,42.5,14549700,42.5
"480",42.09,42.89,39.61,42.19,13015000,42.19
"481",40.87,44,40.29,43.96,13439700,43.96
"482",44.03,44.1,42.22,42.7,3481000,42.7
"483",42,43.26,40.38,40.47,11178900,40.47
"484",41.39,41.71,38.82,41.19,8713700,41.19
"485",40.16,45.88,40.05,45.21,15675600,45.21
"486",45.94,50.5,45.75,47.32,19782300,47.32
"487",45.89,48.49,43.3,48.26,14608800,48.26
"488",49.15,52.14,47.36,51.41,10940700,51.41
"489",49.81,54.48,49.7,51.25,13314800,51.25
"490",51.46,51.5,48.34,49.7,7753800,49.7
"491",49.33,50.49,48.17,48.25,7583600,48.25
"492",47.52,51.38,47.52,51.25,8664800,51.25
"493",50.65,50.95,48.15,48.85,7285400,48.85
"494",49.62,52.96,49.29,52.63,8862900,52.63
"495",52.26,54.77,51.53,53.18,9183100,53.18
"496",53,54.85,51.2,52.08,7518100,52.08
"497",51.59,52.99,50.92,51.56,10963200,51.56
"498",51.6,52.15,48.47,49.84,8925000,49.84
"499",50.12,51.61,50.12,51.08,5845400,51.08
"500",51.66,51.95,51.01,51.44,1645500,51.44
"501",53.79,53.95,51.55,51.78,6847300,51.78
"502",51.43,51.77,48.56,49.4,6507900,49.4
"503",49.51,51.21,48.74,50.76,6601300,50.76
"504",50.74,51.69,49.91,51.28,7792200,51.28
"505",51.35,54.53,51.07,54.36,7296400,54.36
"506",55.73,55.74,53.03,54.06,9509800,54.06
"507",54.55,58.22,53.75,57.36,11080100,57.36
"508",56.29,56.95,55.35,56.2,7942700,56.2
"509",54.99,57.32,54.58,57.16,6577900,57.16
"510",56.92,57,54.7,55.51,6684100,55.51
"511",54.12,54.3,50.87,51.92,9556300,51.92
"512",50.96,53.29,50.75,51.45,7883200,51.45
"513",50.1,50.1,48.14,48.49,10442600,48.49
"514",48.56,52.23,47.63,51.44,11617300,51.44
"515",51.8,52.33,49.53,51.59,8258200,51.59
"516",50.75,51.7,48.27,48.44,6767200,48.44
"517",49.31,50.69,48.25,50.54,5829500,50.54
"518",49.42,50.88,48.26,49.94,7133300,49.94
"519",48.9,51.42,48.45,50.63,5793300,50.63
"520",50.18,50.89,48.52,49.63,7155700,49.63
"521",49.3,50.42,47.72,48.44,8738200,48.44
"522",49.72,51.49,48.97,50.36,8056600,50.36
"523",49.96,51.85,49.14,50,17966800,50
"524",57.36,59.74,57.24,58.82,39783100,58.82
"525",58.57,62,58.13,61.15,19324300,61.15
"526",60.87,64.2,60,63.59,14694600,63.59
"527",63.38,63.44,60.83,61.06,13726300,61.06
"528",61.15,63.81,60.63,63.18,10169600,63.18
"529",63.18,67,63.18,66.55,12044900,66.55
"530",66.56,67.36,65.38,66.71,9437600,66.71
"531",66.15,67.23,63.07,63.31,10700600,63.31
"532",63.1,64.9,62.25,64.35,8347300,64.35
"533",63.25,64.25,61.71,63.96,8095500,63.96
"534",63.97,64.68,62.87,63.26,4130900,63.26
"535",61.67,62.65,61.18,61.67,7126100,61.67
"536",62.27,62.78,60.52,62.35,7366000,62.35
"537",62.84,64.18,61.67,61.95,6768900,61.95
"538",61.07,64.15,60.84,63.86,9354500,63.86
"539",64.16,64.91,61.52,61.71,7336000,61.71
"540",61.97,66.1,61.89,65.6,10271400,65.6
"541",64.9,65.75,62.82,63.71,9122100,63.71
"542",64.12,64.73,62.34,62.34,7275300,62.34
"543",61.26,65.08,60.94,64.79,11488300,64.79
"544",63.94,65.52,61.51,61.99,10511900,61.99
"545",62.75,63.29,61.3,61.7,9691600,61.7
"546",62.8,65.79,62.4,64.81,11960900,64.81
"547",64.12,65.8,63.6,64.77,11770300,64.77
"548",65.2,65.5,59.82,61.69,15093800,61.69
"549",62.2,64.03,60.15,60.49,13561400,60.49
"550",62.49,65.9,61.78,65.71,15435700,65.71
"551",66.24,69.37,65.27,68.54,13881700,68.54
"552",68.35,69.87,67.25,69.58,11348900,69.58
"553",69.64,69.74,67.53,68.63,8903400,68.63
"554",68.56,69.29,66.68,66.98,9437300,66.98
"555",67.37,71.71,67,71.35,11902800,71.35
"556",70.97,73.91,70.13,71.25,10401700,71.25
"557",71.4,71.91,69.24,70.1,8819100,70.1
"558",70.39,70.89,69.08,69.96,8468100,69.96
"559",71.36,75.61,70.7,75.58,8612400,75.58
"560",74.85,75,72.31,72.81,7457900,72.81
"561",73.09,73.95,69.84,72.4,7895600,72.4
"562",73.47,74.98,72.64,73.69,6657700,73.69
"563",71.61,72.29,70.1,70.52,8568800,70.52
"564",70.4,71.67,69.75,71.44,8373100,71.44
"565",72.61,74.5,72.12,73.44,8918200,73.44
"566",73.02,75.09,71.71,73.5,7041400,73.5
"567",73.63,77.24,73.44,76.34,11066900,76.34
"568",76.42,78.32,75.5,78.17,5809900,78.17
"569",77.26,78.36,76,77.99,5751300,77.99
"570",76.97,77.08,74.88,75.51,5748800,75.51
"571",75.93,77.11,74.57,76.98,5653000,76.98
"572",77.51,80,77.26,79.77,7082300,79.77
"573",79.84,79.97,77.85,78.94,6212200,78.94
"574",78,79.46,76.94,77.22,6160400,77.22
"575",75.5,75.81,73.51,74.71,9412800,74.71
"576",75.33,77.48,75.16,77.25,7467800,77.25
"577",76.78,78.72,75.88,78.05,7426000,78.05
"578",78.44,79.79,76.83,77.57,8686900,77.57
"579",77.33,79.1,77.29,78.74,7162200,78.74
"580",78.17,82.18,77.81,79.2,8775500,79.2
"581",81.33,82.06,79.08,80.61,16187700,80.61
"582",82.03,86.68,80.73,84.46,23484300,84.46
"583",83.88,84.98,82.21,83.12,9705900,83.12
"584",82.68,85.35,82.4,82.4,7924000,82.4
"585",82.99,82.99,79.26,79.79,9735100,79.79
"586",80.93,82.67,79.89,80.52,8537600,80.52
"587",80.38,80.38,77.85,78.96,6121700,78.96
"588",80.26,81.35,78.85,79.77,7019300,79.77
"589",81.01,82,80.19,81.9,5870300,81.9
"590",82.88,83.6,79.66,81.99,8604000,81.99
"591",82.73,82.75,77.88,79.28,9632100,79.28
"592",79.69,80.23,76.31,77.95,8193000,77.95
"593",76.8,79.85,76.01,78.61,6872300,78.61
"594",78.7,78.97,76.53,77.93,5548700,77.93
"595",76.25,76.65,74.01,74.19,8770500,74.19
"596",73.79,76.06,73.31,75.11,9343600,75.11
"597",74.54,76.21,73.42,73.6,8011700,73.6
"598",73.96,75.96,73.1,75.95,6829100,75.95
"599",75.43,78.96,75.12,77.87,8028900,77.87
"600",78.5,81.11,77.42,77.97,7351000,77.97
"601",76.75,77.97,75.4,75.96,5640500,75.96
"602",76.1,77.04,75.02,75.64,3484700,75.64
"603",75.03,78.48,74.55,78.39,6699600,78.39
"604",78.51,79.5,76.75,77.1,5567100,77.1
"605",77.7,79.1,75.88,77.65,4943100,77.65
"606",77.72,78.01,76.4,77.99,5072200,77.99
"607",78.21,84.8,77.49,83.05,10796500,83.05
"608",82.42,85.45,82.1,84.93,9397000,84.93
"609",83.31,85.71,83.13,85.68,7603400,85.68
"610",85.42,86.4,84.57,85.52,5465400,85.52
"611",86.29,87.95,85.3,87.56,8263500,87.56
"612",86.75,87.18,85.11,86.36,5602100,86.36
"613",86.93,87.67,86.17,87.08,4475100,87.08
"614",87.58,88.56,84.83,86.59,6073600,86.59
"615",86.3,87.49,85.05,85.69,5009700,85.69
"616",85.03,85.2,82.01,84.08,6223000,84.08
"617",82.83,83.3,81,83.18,5401800,83.18
"618",83.7,83.95,81.28,82.15,5465800,82.15
"619",82.5,84.3,80.64,82.65,7785100,82.65
"620",82.81,82.95,81,81.6,5453100,81.6
"621",82.15,83.46,81.5,82.96,5438200,82.96
"622",82.41,82.43,78.56,79.15,9744400,79.15
"623",78.97,79.1,76.25,77.68,7415500,77.68
"624",78,80.53,77.8,79.27,6081400,79.27
"625",79.1,82.23,79.03,82.2,7360400,82.2
"626",81.9,84.14,81.13,83.88,8775300,83.88
"627",83.87,84.2,82.41,83.03,6270300,83.03
"628",83.62,84.92,82.47,83.66,7984800,83.66
"629",84.42,84.5,81.37,81.6,6981200,81.6
"630",81.11,81.37,78.51,79.32,7218600,79.32
"631",78.45,78.89,76.54,78.1,7368800,78.1
"632",78.53,78.69,75.41,75.63,6491500,75.63
"633",76.46,77.93,75.7,77.36,8540700,77.36
"634",78.25,78.54,76.82,78.1,6359500,78.1
"635",77.52,78.82,76.17,77.63,5976100,77.63
"636",78.07,81.65,78.01,81.47,8050200,81.47
"637",81.48,82.42,80.42,81.95,4543600,81.95
"638",83,84.64,82.78,84.55,6339000,84.55
"639",84.42,86.24,83.72,86.11,5361900,86.11
"640",85.8,86.5,85.2,85.85,5051600,85.85
"641",86.27,88.88,86.26,88.23,6056600,88.23
"642",88.52,89.01,87.4,89.01,7728600,89.01
"643",88.65,89.23,87.78,88.79,5329600,88.79
"644",89.84,94.4,89.59,93.87,19162100,93.87
"645",87.6,88.9,85.5,86.49,19204600,86.49
"646",86.24,86.49,83.56,84.24,11279300,84.24
"647",83.84,85.64,82.6,84.98,8774900,84.98
"648",84.47,85.5,83.52,84.34,6502900,84.34
"649",85.64,87.25,85.17,86.09,7253200,86.09
"650",85.76,86.75,84.62,85.76,5886900,85.76
"651",86.56,88.2,86.56,87.44,6663000,87.44
"652",87.48,87.48,84.93,85.8,6177900,85.8
"653",85.64,85.75,83.02,84.29,7279400,84.29
"654",84.31,84.84,83.05,84.47,4693000,84.47
"655",84.1,85.96,84.1,85.32,5628000,85.32
"656",85.01,85.47,83.27,84.44,4440600,84.44
"657",83.64,84.4,82.45,83.56,5025000,83.56
"658",83.42,86.6,83.38,85.96,5619400,85.96
"659",85.72,86.37,84.07,84.6,5712400,84.6
"660",84.11,84.17,82.78,83.58,4924700,83.58
"661",81.16,81.78,80.25,81.06,6888600,81.06
"662",81.41,82.69,80.79,82.12,5884400,82.12
"663",80.91,83,80.49,83,5170600,83
"664",82.98,84.35,82.66,84.09,5375000,84.09
"665",84.78,85.06,83.54,85,6130700,85
"666",85.17,85.59,84.24,84.5,4723200,84.5
"667",84.66,86.34,83.95,84.19,4791000,84.19
"668",84.1,84.76,83.38,84,3613800,84
"669",84.01,84.85,83.14,84.31,3997700,84.31
"670",84.78,84.99,82.57,82.76,4620700,82.76
"671",81.93,81.95,80.35,81.19,5263800,81.19
"672",80.74,82.42,79,79.16,6245800,79.16
"673",79.04,80.15,77.8,78.14,6512700,78.14
"674",78.39,78.96,77.51,78.46,4140200,78.46
"675",78.27,79.78,77.63,78.87,4671500,78.87
"676",79.86,81.04,78.87,80.9,7037600,80.9
"677",80.6,82.63,80.5,82.24,6776200,82.24
"678",82.33,84.07,82.3,83.85,7023100,83.85
"679",84.44,84.9,83.76,84.54,6006900,84.54
"680",83.81,84.57,83.46,83.86,3572000,83.86
"681",84.17,84.41,82.79,83.55,4446800,83.55
"682",85.91,90.98,85.9,90.7,13114300,90.7
"683",90.75,91.19,89,90.44,7872700,90.44
"684",90.74,91,89.47,90.28,6769500,90.28
"685",89.69,90.76,88.48,90.56,4209300,90.56
"686",91.46,94.19,91.1,93.75,8264900,93.75
"687",92.82,94.5,92.22,92.38,5685300,92.38
"688",92,92.71,90.77,92.11,5075100,92.11
"689",91.44,92.25,89.75,90.52,4256800,90.52
"690",91.04,92.81,90.6,92.21,3508000,92.21
"691",91.96,92.33,90.1,91.72,4393900,91.72
"692",92.26,94.17,91.43,93.36,8539200,93.36
"693",92.5,92.9,90.37,91.04,6645100,91.04
"694",90.05,91.14,89.58,89.85,5039400,89.85
"695",90.25,90.93,88.27,88.67,7028500,88.67
"696",89.33,91.08,88.4,90.91,6963700,90.91
"697",91.5,94.48,91.15,93.97,7445100,93.97
"698",94.8,96.72,94.23,95.22,9674300,95.22
"699",95,95.95,94.26,95.71,4694000,95.71
"700",96.17,96.25,93.07,93.6,5591400,93.6
"701",93.83,95.25,93.68,94.83,4720000,94.83
"702",96.22,97.82,96.02,97.46,5556800,97.46
"703",95.13,97.06,95.08,96.01,6242100,96.01
"704",95.3,96.12,93.61,95.32,7038400,95.32
"705",95.35,96.28,94.25,94.68,6017400,94.68
"706",95.91,96.1,94.27,94.98,7777600,94.98
"707",95.27,96.63,92.91,93.42,7761200,93.42
"708",93.66,94.1,91.7,93.45,16518500,93.45
"709",111.05,119.65,110.62,118.49,58305800,118.49
"710",119.21,125.68,118.49,124.64,32271200,124.64
"711",122.93,124.26,119.42,122.07,20304200,122.07
"712",121.57,125.12,120.76,121.64,16887700,121.64
"713",123.9,124.3,120.12,122.58,12821800,122.58
"714",121.97,122.9,118.21,118.81,13312200,118.81
"715",118.66,119.5,116.71,118.84,11280000,118.84
"716",117.67,118.88,116.63,118.37,9478500,118.37
"717",119,119.25,116.76,117.1,7617500,117.1
"718",117.46,120.95,116.25,120.61,9086800,120.61
"719",123,126.98,122.67,126.2,13226000,126.2
"720",127.11,128.32,125.59,126.67,8624200,126.67
"721",126.8,130.61,126,130.15,10529300,130.15
"722",131.08,131.31,128.33,129.91,7434200,129.91
"723",129.98,132.15,129.98,130.53,7210100,130.53
"724",131.16,132.99,129.75,132.97,7376800,132.97
"725",132.12,134.56,130.98,131.59,9018300,131.59
"726",131.4,131.85,129.32,131.25,7748000,131.25
"727",130.9,131.41,129.53,131.29,5213500,131.29
"728",130.54,130.54,128.48,128.99,5998200,128.99
"729",127.76,129.99,127.41,129.66,6652600,129.66
"730",131.05,133,131,133,6878100,133
"731",133.57,134.33,132.22,132.94,7319700,132.94
"732",133.31,134.2,132.4,134.03,5071200,134.03
"733",130.3,133,129.88,131.74,4422600,131.74
"734",132.19,136.08,132.16,135.91,10119500,135.91
"735",136.94,139.35,135.75,138.5,9657600,138.5
"736",139.15,142.67,138.96,142.25,11798000,142.25
"737",143.62,145.91,140.77,141.17,16523500,141.17
"738",143.42,143.45,135.11,137.58,14827400,137.58
"739",138,139,133.84,134.21,7837000,134.21
"740",134.3,136.08,132.87,134.11,8002800,134.11
"741",134.6,134.71,129.82,131.31,12632900,131.31
"742",132.41,136.19,132.4,135.38,11343600,135.38
"743",136.07,136.29,133.2,134.15,8046700,134.15
"744",132.5,132.61,129.35,131.38,10022900,131.38
"745",130.76,132.46,129.59,130.23,7428800,130.23
"746",130.93,131.45,127.65,128.36,10261300,128.36
"747",129.36,130.08,126.9,126.91,8476500,126.91
"748",127.91,128.79,125.65,128.48,9605400,128.48
"749",130.48,133.2,130.19,132.79,9473600,132.79
"750",133.76,135.99,132.65,133.75,8257500,133.75
"751",134.8,139.05,134.35,138.94,9546100,138.94
"752",139.2,139.7,137.54,138.47,5128800,138.47
"753",139.75,141.98,138.53,139.31,8763900,139.31
"754",141.29,142.58,138.55,139.41,8400600,139.41
"755",138.4,138.4,135.28,136.49,6913200,136.49
"756",137.09,137.28,134.52,134.52,4523000,134.52
"757",136.25,136.61,133.14,133.9,7599900,133.9
"758",133.43,135.48,131.81,134.69,8851900,134.69
"759",134.6,134.73,131.65,132.25,7178800,132.25
"760",132.01,132.32,128.8,130,11030200,130
"761",130.56,133.68,129.03,133.52,9830500,133.52
"762",132.62,132.8,129.21,130.31,8779400,130.31
"763",128.99,129.82,126.55,127.35,9096300,127.35
"764",127.9,129.71,125.75,129.11,10723200,129.11
"765",129.14,130.38,126.4,127.35,9774900,127.35
"766",129.18,129.65,127.06,127.14,15376500,127.14
"767",126.31,128,124.33,127.61,8892600,127.61
"768",127.13,129.2,125.08,125.78,9074700,125.78
"769",127.26,128.15,125,126.62,9970600,126.62
"770",125.6,127.67,120.76,121.43,11568900,121.43
"771",122.1,122.28,118.12,120.31,12023900,120.31
"772",120.56,122.98,119.06,119.48,9559000,119.48
"773",121.03,123.33,118.8,122.75,14765300,122.75
"774",124.43,127.2,122.8,126.03,27293100,126.03
"775",129.77,131.85,124.14,125.41,29471300,125.41
"776",123.18,124.86,113.82,118.87,37774400,118.87
"777",118.79,118.98,114.4,118.12,23079700,118.12
"778",117.12,119.61,116.56,119.1,12405900,119.1
"779",118.64,120.33,115.74,115.94,12784000,115.94
"780",115.88,117.65,114.1,117.39,11024800,117.39
"781",119.38,121,116.56,116.83,9890200,116.83
"782",118.2,119.09,117,118.03,9223000,118.03
"783",118,118.61,116,117.36,6233200,117.36
"784",117.21,120.42,116.5,120.09,8343500,120.09
"785",118.99,119.94,117.5,119.66,8073500,119.66
"786",120.06,120.5,117.18,117.53,8932700,117.53
"787",117.07,117.13,115.55,116.31,8944800,116.31
"788",115.84,118.51,114.82,118.08,9800100,118.08
"789",117.91,119.09,117,117.52,7115600,117.52
"790",117.37,118.97,116.18,118.01,6807300,118.01
"791",118.01,119.25,116.51,117.24,7068200,117.24
"792",117.96,119.8,117.15,119.72,7389900,119.72
"793",118.17,118.34,115.85,118.2,9533400,118.2
"794",117.88,119.43,117,118.4,5721600,118.4
"795",118.7,124.66,117.53,124.54,13296500,124.54
"796",125.01,127.35,124.8,125.53,12097500,125.53
"797",125.4,126.94,124.43,125.89,6440400,125.89
"798",125.98,128.85,125.57,128.53,7509700,128.53
"799",129.13,129.45,127.07,128.91,6769300,128.91
"800",128.3,130.85,127.71,130.11,5605900,130.11
"801",129.59,130.81,127.97,128.82,6070800,128.82
"802",129.11,131.17,128.48,130.51,5625700,130.51
"803",130.45,133.62,130.36,133.58,7240800,133.58
"804",134.2,134.2,131.18,131.82,6150800,131.82
"805",131.7,132,128.63,131.13,6329200,131.13
"806",131.24,132.29,130.5,131.79,4132500,131.79
"807",132.41,132.69,131.22,131.34,4358800,131.34
"808",131.02,132.85,130.44,132.76,5021300,132.76
"809",133.71,133.71,129.66,130.35,8905000,130.35
"810",130.2,130.96,128.64,130.47,5383400,130.47
"811",130.89,130.94,128.07,129.26,4213100,129.26
"812",128.64,129.4,127.2,128.04,4696400,128.04
"813",129.14,136.91,128.04,134.73,16209600,134.73
"814",134.9,136.99,133.76,135.06,6565700,135.06
"815",135.37,136.63,134.33,135.12,4626900,135.12
"816",135.74,138.19,135.36,136.58,6192700,136.58
"817",136,136.8,134.48,135.77,4600600,135.77
"818",135.8,136.51,131.18,131.81,8785800,131.81
"819",132.85,133.74,130.78,131.49,5816500,131.49
"820",131.23,136,131.18,135.56,7950300,135.56
"821",135.96,136.08,133.86,134.87,5945400,134.87
"822",134.71,141.25,134.71,140.96,12689100,140.96
"823",140.72,141.33,139.07,140.06,6011100,140.06
"824",140,142.91,139.68,141.2,5445300,141.2
"825",141.23,141.98,139.12,140.16,4785500,140.16
"826",140.34,144.5,139.2,144.28,7900300,144.28
"827",144.55,147.09,144,145.82,7829600,145.82
"828",144.88,147.17,141.45,142.17,8396800,142.17
"829",142.35,143.67,139.13,142.43,6022000,142.43
"830",143.83,144.64,142.1,144.2,4311700,144.2
"831",145.17,149,143.52,146.43,7374400,146.43
"832",147.01,151.09,145.88,150.09,15165800,150.09
"833",145.38,149.09,142.42,143.63,18975200,143.63
"834",143.2,147.73,142.9,147.11,9318300,147.11
"835",145.55,146.44,141.11,142.02,8639000,142.02
"836",142.59,142.75,138.69,139.35,9235300,139.35
"837",140.09,142.45,139.79,141.73,6314200,141.73
"838",141.4,141.4,136.91,137.1,6113500,137.1
"839",137.2,139.44,136.11,137.49,5654600,137.49
"840",135.62,135.81,128.38,129.83,12667800,129.83
"841",128,131.61,127.55,130.93,9458100,130.93
"842",130,132.33,120.6,128.71,10189000,128.71
"843",127.97,131.18,123.76,124.98,11927600,124.98
"844",129.73,132.21,129.26,131.29,6806100,131.29
"845",129.95,133.08,128.47,130.46,6044100,130.46
"846",131.41,134.13,129.68,133.87,5904500,133.87
"847",133.93,136.99,131,131.47,5940200,131.47
"848",130.36,131,126.76,128.53,5277800,128.53
"849",128.24,129.95,125.8,128.91,5642200,128.91
"850",130.14,131.25,125.51,126.28,5256900,126.28
"851",125.51,127.93,123.8,124.59,6463300,124.59
"852",122.64,125,118.78,119.71,8594400,119.71
"853",117.9,124.97,117.52,122.72,7966900,122.72
"854",122.57,124.5,120.65,122.12,4535900,122.12
"855",118.54,125.19,118.5,124.86,6913400,124.86
"856",125.05,125.79,122.3,123.21,6964600,123.21
"857",124.98,126.85,120.6,126.7,4747700,126.7
"858",126.07,127.6,124.01,125.46,3954800,125.46
"859",124.97,126.57,123.02,123.24,3659500,123.24
"860",124.02,126.43,121.65,126.31,4764700,126.31
"861",126.25,129.15,124.85,128.76,5276900,128.76
"862",126.33,128.2,122.18,122.77,5497700,122.77
"863",125.84,126.61,121.67,122.01,6566400,122.01
"864",122,122,115.8,118.84,11484400,118.84
"865",120.31,121.47,117.36,117.91,7369200,117.91
"866",120,123.5,119.2,123.21,6061800,123.21
"867",121.39,123.53,120.29,123.03,4204600,123.03
"868",124.24,125.7,123.5,123.83,3923000,123.83
"869",123.2,126.92,122.5,126.84,4541000,126.84
"870",125.39,127.98,125.36,126.9,3964300,126.9
"871",126.74,127.8,124.69,125.89,3479000,125.89
"872",126.48,127.48,125.07,125.83,3836000,125.83
"873",126.79,127.48,121.41,122.55,5327700,122.55
"874",122.65,125.23,121.55,122.31,6207200,122.31
"875",122.11,123.22,120.04,121.45,5455100,121.45
"876",120.61,120.85,116.8,118.33,7771100,118.33
"877",118.14,121.76,117.63,121,5769700,121
"878",118.85,120.04,117.1,117.8,5612200,117.8
"879",116.26,116.48,106.01,108.61,12866300,108.61
"880",108.58,112.68,108.11,109.26,9740700,109.26
"881",108.9,111.69,106.7,110.96,8529800,110.96
"882",110.92,111.29,108.56,109.14,4477100,109.14
"883",110.65,112.53,109,110.06,5219300,110.06
"884",109.84,113.63,109.81,113.43,4941000,113.43
"885",115.02,117.48,114.07,116.22,6775000,116.22
"886",116.55,117.4,114.65,117.26,4065100,117.26
"887",117.81,119.7,117.32,119.51,4783600,119.51
"888",120.69,124.88,120.3,123.65,7091100,123.65
"889",123.03,123.75,121.47,123.3,5257000,123.3
"890",120.13,122.48,119.26,122.06,6047700,122.06
"891",121.28,121.92,118.01,118.49,6227900,118.49
"892",118.38,120.74,117,119.94,5030900,119.94
"893",120.61,120.71,117.51,120.1,6785000,120.1
"894",120.62,121.25,117.26,117.43,5011700,117.43
"895",118.71,120.87,118.02,120.07,15003400,120.07
"896",105.93,119.28,105.8,118.87,42421100,118.87
"897",118.26,118.6,114.88,118.4,11137800,118.4
"898",118.43,118.5,115.07,117.13,7796100,117.13
"899",117,118.2,116.4,117.13,5472300,117.13
"900",117.99,118.87,115.52,116.86,6175800,116.86
"901",115.53,118.74,114.51,117.89,7077500,117.89
"902",119.15,120.38,117.57,120.07,5443700,120.07
"903",120,122.87,119.68,122.42,5953800,122.42
"904",123.06,128.47,123,127.58,9270800,127.58
"905",126.77,128,125.82,127.83,4282300,127.83
"906",126.72,128.4,125.9,128.32,5065200,128.32
"907",128.46,129.93,127.85,128.83,5085800,128.83
"908",127.95,130,127.38,130,5706900,130
"909",128.1,128.12,125.2,125.89,5541700,125.89
"910",123.76,127,123.55,126.56,4367900,126.56
"911",126.06,127.48,124.26,124.69,3976600,124.69
"912",123.61,127.37,123.04,126.07,4024700,126.07
"913",127.34,129.98,126.79,128.86,5044700,128.86
"914",129.25,130.81,128.26,129.65,7901500,129.65
"915",129.22,130.02,126.82,127.57,5582500,127.57
"916",127.2,128.04,126.02,127.76,4170100,127.76
"917",127.86,129.22,126.5,126.6,3861300,126.6
"918",125.41,125.44,123.18,124.53,5369700,124.53
"919",123.85,127.37,123.83,126.85,5344500,126.85
"920",127.15,127.59,124.82,124.86,4694500,124.86
"921",125.46,126.64,122.25,126.64,5080000,126.64
"922",126.03,126.95,123.69,123.79,3426000,123.79
"923",122.85,125.9,122.5,124.83,4225600,124.83
"924",126.36,132.6,126.17,132.49,7138300,132.49
"925",132.17,135.21,132.05,135.21,5407400,135.21
"926",136.89,139.5,136.63,138.79,6581200,138.79
"927",137.56,138.6,136.89,137.22,3883000,137.22
"928",137.93,139.7,136.45,139.14,5828500,139.14
"929",140.39,141.37,139.26,140.38,4958000,140.38
"930",140.75,142.6,140.04,142.44,5043600,142.44
"931",144.07,145.74,143.76,145.07,5077400,145.07
"932",144.5,146.7,143.83,145.75,4319400,145.75
"933",144.88,145.62,143.56,145.45,4903600,145.45
"934",145.4,148.23,145.16,148.13,5827000,148.13
"935",148.9,148.98,146.5,148.32,7259600,148.32
"936",148.7,151.95,147.35,151.3,6449400,151.3
"937",150.76,153.31,149.6,150.73,7542000,150.73
"938",149.84,152.7,149.1,151.83,6612400,151.83
"939",151.2,155.92,150.97,152.85,7065600,152.85
"940",155.43,160.89,155.42,160.73,10590600,160.73
"941",160.22,161.2,157.88,159.37,6446300,159.37
"942",159.84,160.88,154.89,159.7,8494200,159.7
"943",159.03,161.78,157.75,158.99,7287500,158.99
"944",160.01,160.93,155.6,157.06,7606000,157.06
"945",157.08,157.44,152.2,153.71,8683400,153.71
"946",153.95,155.96,152.79,155.39,5346500,155.39
"947",157.08,161.21,157.01,160.87,5620000,160.87
"948",160.6,160.68,154.6,155.4,6060800,155.4
"949",156.51,157.4,153.39,156.27,4622000,156.27
"950",155.18,156.28,152.78,155.55,6918400,155.55
"951",154.89,156.63,152.34,153.03,4486400,153.03
"952",152.51,156.95,151.4,156.48,5280800,156.48
"953",156.69,156.79,153.85,155.17,5632800,155.17
"954",155.16,156.95,154.23,155.53,4024100,155.53
"955",158.42,164.88,156.75,164.64,10135500,164.64
"956",165,165.19,161.82,163.56,6331300,163.56
"957",160.68,162.8,157,158.67,7525000,158.67
"958",158.78,159.87,156.57,158.67,5790400,158.67
"959",162.67,166.13,161.29,164.97,13482500,164.97
"960",162.45,170.17,162.27,169.13,16318400,169.13
"961",171.57,171.99,168.32,169,6530900,169
"962",167.57,171,167.5,169.95,4689600,169.95
"963",168.91,169.75,166.54,167.51,5721800,167.51
"964",168.31,168.49,165.05,166.84,4684400,166.84
"965",165.8,168.5,164.81,165.23,4998500,165.23
"966",164.45,164.58,161.52,162.58,5239900,162.58
"967",163.75,165.94,163.36,164.61,4260000,164.61
"968",165.4,168.61,162.29,168.47,6112100,168.47
"969",169.86,172.53,168.4,168.93,7395900,168.93
"970",169.35,171.65,168.59,170.77,5212200,170.77
"971",170.84,173.2,168.78,171.99,5706000,171.99
"972",172.67,173.14,169.06,170.27,3978600,170.27
"973",170.59,173.37,169.41,173.33,5440300,173.33
"974",171,172.05,169.42,170.37,5691700,170.37
"975",170.12,171.26,165.05,165.68,7160600,165.68
"976",165.16,165.35,158.56,158.9,9648600,158.9
"977",158.74,160.91,156.77,157.78,6571400,157.78
"978",157.84,160.85,157.55,158.35,4524900,158.35
"979",160.74,165,160.74,164.17,6225300,164.17
"980",163.95,164.99,162.84,164.82,4464800,164.82
"981",165.1,170.6,165,170.39,6142500,170.39
"982",168.61,168.81,164.62,168.2,6465300,168.2
"983",171.53,177.89,171.53,177.25,10042500,177.25
"984",177.36,178.38,176.16,177.2,4271600,177.2
"985",179.99,181.84,177.57,179.49,9695000,179.49
"986",176.95,177.7,174.9,175.4,6762200,175.4
"987",179.16,179.32,176,176.55,5770100,176.55
"988",176.86,177.45,173.92,176.53,5537600,176.53
"989",175.5,176.4,174.05,175.68,4907500,175.68
"990",175.52,178.43,174.6,178.05,5654200,178.05
"991",180.5,181.47,176.57,176.77,5077100,176.77
"992",177.49,178.16,175.2,176.29,3726900,176.29
"993",177.77,178.11,173.8,174.85,4555500,174.85
"994",174.88,175.95,173.36,175.62,3565500,175.62
"995",176.33,177.94,173.73,174.25,4202500,174.25
"996",174.28,175.76,173.09,173.94,3685300,173.94
"997",173.72,179,173.59,175.57,5810500,175.57
"998",175.58,178.3,175.04,178.04,4121500,178.04
"999",178.41,178.75,177.02,177.58,4507300,177.58
"1000",179.27,183.98,178.04,183.29,8735300,183.29
"1001",183.88,185.65,182.6,184.75,5111000,184.75
"1002",185,185.45,184.11,184.76,2578100,184.76
"1003",184.34,184.98,181.89,182.59,3358200,182.59
"1004",181.9,183.14,180.45,182.14,2249400,182.14
"1005",182.1,182.77,181.05,181.09,1975000,181.09
"1006",181.8,184.35,180.41,183.37,3120100,183.37
"1007",183.92,184.55,182.75,182.75,1961200,182.75
"1008",181.96,182.3,179.51,180,3451900,180
"1009",181.37,186,181.21,184.22,5331400,184.22
"1010",186.15,187.7,183.78,185.01,5031800,185.01
"1011",184.1,187.45,184.07,187.42,3418800,187.42
"1012",186.5,187.41,185.25,185.86,3179700,185.86
"1013",187.88,188.45,183.74,185.49,5221700,185.49
"1014",185.04,185.29,182.51,184.68,3375900,184.68
"1015",185.42,186,183.21,184.34,2814200,184.34
"1016",185.36,185.38,183.3,184.08,2679100,184.08
"1017",183.6,186.45,183.51,185.53,3367000,185.53
"1018",185.5,188.94,184.92,188.75,3662800,188.75
"1019",188.66,191.6,188.25,191.25,3896200,191.25
"1020",190.9,191,186.21,186.87,3882400,186.87
"1021",185.29,186.85,181,181.96,5709900,181.96
"1022",183,183.25,176.84,177.42,6806200,177.42
"1023",177.95,178.49,174.15,176.85,5600300,176.85
"1024",175.5,176.75,174.28,176.7,4651000,176.7
"1025",177.51,177.89,174.63,175.39,3762200,175.39
"1026",177.48,185,177.31,184.45,14594400,184.45
"1027",171.45,173.71,166.9,171.14,19908200,171.14
"1028",170.16,171.44,167.41,169.64,6718100,169.64
"1029",170.52,173.1,169.51,172.11,5085900,172.11
"1030",171.42,175.2,170.87,173.53,4547500,173.53
"1031",173.5,174.67,171.95,173.71,3678900,173.71
"1032",174,177.19,173.75,175.93,4347800,175.93
"1033",176.15,177.55,174.77,176.43,5254700,176.43
"1034",176.66,183.11,176.59,183.06,7794900,183.06
"1035",183.15,186.47,182.26,185.3,8312700,185.3
"1036",184.39,187.24,183.6,186.21,5331400,186.21
"1037",185.56,189.5,185.37,189.25,4487900,189.25
"1038",189.25,191.4,188.35,190.42,4061300,190.42
"1039",188.73,190.49,188.25,189.03,3890900,189.03
"1040",189.77,190,186.35,186.62,4628200,186.62
"1041",185.77,189.09,185.31,187.76,3425500,187.76
"1042",187.54,188.5,185.13,186.5,4178600,186.5
"1043",183.68,184.72,179.32,180.42,5637100,180.42
"1044",180.25,181.15,174.39,176.68,5482000,176.68
"1045",176.86,179.75,174.56,177.75,4656500,177.75
"1046",178.95,180.75,177.1,177.24,4191400,177.24
"1047",173.91,175.89,172.15,173.29,6783200,173.29
"1048",173.53,173.96,168.67,169.44,5847100,169.44
"1049",169.09,173.3,168.35,172.02,5185700,172.02
"1050",173.71,174.46,172.05,172.79,4138200,172.79
"1051",172.62,172.75,169.51,171.67,4924300,171.67
"1052",171.92,172.09,166.24,169.08,5932900,169.08
"1053",169.39,169.71,166.72,166.89,4219000,166.89
"1054",166.67,169.75,163.9,169.05,7108900,169.05
"1055",167.07,168.47,164.82,166.14,5998400,166.14
"1056",165.5,169.2,164.12,168.07,4609900,168.07
"1057",166.6,168.08,164.57,166.73,4022000,166.73
"1058",161.39,166.88,160.76,165.08,4934500,165.08
"1059",164.7,168.14,162.87,164.7,5208100,164.7
"1060",165.91,166.3,160.78,160.97,6471400,160.97
"1061",161.19,163.54,160.59,161.82,7442700,161.82
"1062",163.37,165.79,161.72,164.52,4055100,164.52
"1063",164.07,164.44,162.25,162.6,3611400,162.6
"1064",162.3,166.26,160.82,165.32,4721300,165.32
"1065",168.21,172,167.36,171.1,6283200,171.1
"1066",171.64,173.49,170.3,170.98,4293800,170.98
"1067",171.8,172.5,169.25,169.35,3400800,169.35
"1068",170.73,174.84,170.07,174.62,4884600,174.62
"1069",177.78,181.16,177.66,179.42,6859300,179.42
"1070",179.31,181.57,178.5,180.13,4826500,180.13
"1071",181.58,183.25,178.59,180.13,5684100,180.13
"1072",180.89,183.61,180.69,182.94,4186400,182.94
"1073",182.1,186.36,181.8,185.29,5569200,185.29
"1074",186.15,188.27,181.12,182.76,5430700,182.76
"1075",182.78,185.17,181.76,184.91,4564000,184.91
"1076",185.26,186.22,182.78,184.71,3726400,184.71
"1077",184.86,186.49,181.85,184.04,3297100,184.04
"1078",183.06,184.59,179.42,180.48,5334500,180.48
"1079",180.83,182.88,179.8,182.29,4216300,182.29
"1080",181.39,182.08,179.36,181.82,3588200,181.82
"1081",181,181.78,179.02,180.01,4272400,180.01
"1082",178.38,178.91,175.37,178.34,4616500,178.34
"1083",178.35,179.47,176.6,178.82,2646000,178.82
"1084",181.62,185,181.59,183.87,4067500,183.87
"1085",184.56,185.97,183.05,185.89,3348100,185.89
"1086",185.65,186.35,183.77,185.42,3438100,185.42
"1087",186.27,186.42,180.74,182.3,11200000,182.3
"1088",183.2,197.8,182.75,196.63,23623000,196.63
"1089",195.96,196.79,192.27,195.07,7300000,195.07
"1090",194.38,196.59,193.78,195.81,6640900,195.81
"1091",196.57,203.42,196.18,201.19,9398100,201.19
"1092",201,202.59,196.69,198.45,6100000,198.45
"1093",198.25,201.86,195.37,199.97,6550000,199.97
"1094",198.66,201,196.12,197.11,4600000,197.11
"1095",199.1,199.56,196.56,197.6,4013900,197.6
"1096",198.34,202.36,196.78,200.8,5825400,200.8
"1097",201.94,205.29,201.56,203.94,5885900,203.94
"1098",203.12,205.5,202.25,204.38,4809000,204.38
"1099",204.22,206.19,200.62,206.07,4800000,206.07
"1100",205.7,206.39,202.36,202.56,4123700,202.56
"1101",200.54,200.9,191.37,192.51,9386400,192.51
"1102",191.82,195.98,191.76,194.81,7073300,194.81
"1103",194.13,198.28,193.25,197.09,4955800,197.09
"1104",198.33,199.95,197.55,198.8,3701200,198.8
"1105",197.95,199.8,197.24,198.65,3381000,198.65
"1106",195.56,197.29,192.02,196.22,4200000,196.22
"1107",197,197,193,193.27,2972700,193.27
"1108",193.57,194.35,191.14,192.26,4661300,192.26
"1109",191.24,196.45,190.88,195,4075200,195
"1110",194.76,196.12,193.5,194.13,2352600,194.13
"1111",195.94,198.44,195.03,196.69,3409000,196.69
"1112",196.06,197.26,192.05,192.4,3445200,192.4
"1113",192.28,194.44,190.56,193.65,3044900,193.65
"1114",191.23,193.21,187.62,188.32,4974500,188.32
"1115",188.01,189.85,185.18,185.69,3716000,185.69
"1116",185.72,190.63,185.52,187.55,4866500,187.55
"1117",187.45,189.81,186.32,188.05,3716600,188.05
"1118",189.74,191.76,185.71,189.68,4187300,189.68
"1119",189.25,190.77,186.28,186.53,3760400,186.53
"1120",186.81,189.31,184.86,186.29,3868900,186.29
"1121",188.99,190.72,187.07,189.96,3960300,189.96
"1122",188.04,192.45,185.3,185.98,6317700,185.98
"1123",185.74,187,181.59,183.65,6032100,183.65
"1124",186.51,187.39,184.64,186.37,6322200,186.37
"1125",185.96,188.85,185.57,187.72,2831700,187.72
"1126",188.3,195,187.12,194.23,4182600,194.23
"1127",193.96,195.2,191.32,191.63,3129700,191.63
"1128",189.5,194.46,188.3,194.16,4609600,194.16
"1129",193.88,194.92,191.35,192.55,3614500,192.55
"1130",194.5,202.58,194.03,201.25,6100700,201.25
"1131",201.92,202.88,200.6,202.35,3825300,202.35
"1132",202.67,206.25,201.03,204.18,4608900,204.18
"1133",200.78,205.2,200.5,204.49,4448100,204.49
"1134",205.55,210.27,203.61,209.49,4008700,209.49
"1135",208.76,214.45,208.73,213.19,3585200,213.19
"1136",212.12,214.4,211.01,214.19,2607600,214.19
"1137",215.09,217.8,215.09,216.74,3144900,216.74
"1138",214.3,218.32,213.25,218.28,3707900,218.28
"1139",216.74,217.5,211,212.55,4033700,212.55
"1140",214.64,215.65,211.12,211.23,3985700,211.23
"1141",214.7,216.83,212.14,213.5,4229900,213.5
"1142",213.58,215.91,209.38,210.38,3902500,210.38
"1143",213.08,214.53,209.29,212.87,4072600,212.87
"1144",212.53,213.39,208.29,211.53,2898100,211.53
"1145",213.77,218.4,213.77,218.06,4437200,218.06
"1146",220.05,220.2,214.41,215.55,3372900,215.55
"1147",216.74,217.09,211.07,213.21,4545300,213.21
"1148",213.86,217.95,211.11,216.52,3591700,216.52
"1149",215.49,216.08,213,213.49,3342800,213.49
"1150",214.99,215.6,210.35,214.18,9863600,214.18
"1151",224.39,227.2,219.62,222.52,12955600,222.52
"1152",223.27,225.95,220.23,223.9,5354900,223.9
"1153",221.29,225.75,219.51,222.52,5167700,222.52
"1154",225,227.45,217.66,221.32,5789300,221.32
"1155",220.32,222.43,211.3,211.7,6586700,211.7
"1156",212.97,214.83,205.54,209.96,8197100,209.96
"1157",206.73,208,201.45,201.48,6579500,201.48
"1158",204.67,207.32,194.84,202.7,10024000,202.7
"1159",196.4,200.39,190.05,193.7,10427500,193.7
"1160",196.7,205.09,190.46,205.09,10491200,205.09
"1161",200.76,202.4,193.6,194.13,8757600,194.13
"1162",197.01,200.85,191.36,198.36,7401900,198.36
"1163",200.28,204.56,197.21,202.3,5620400,202.3
"1164",202.06,205.28,198.32,202.95,4785900,202.95
"1165",201.14,201.39,194.75,197.68,5205900,197.68
"1166",198.53,199.6,193.74,195.93,3991100,195.93
"1167",191.21,191.34,179.72,182.52,8275200,182.52
"1168",180.29,190,177.55,178.93,7244200,178.93
"1169",182.83,184.2,177.1,177.54,5313700,177.54
"1170",178.92,194.84,178.52,193.55,7351600,193.55
"1171",193.89,196.31,190.17,193.73,6248700,193.73
"1172",194.41,196.99,191.07,192.03,3760800,192.03
"1173",191.24,199.72,189.6,199.27,5310700,199.27
"1174",202.82,206.67,202.55,206.53,4511000,206.53
"1175",205.78,212.49,204.32,210.92,5915700,210.92
"1176",212.27,216.17,211.35,215.23,7405000,215.23
"1177",215.28,217.64,211.62,212.54,5275300,212.54
"1178",208.94,210.69,207,210,4232000,210
"1179",204.77,216.6,204.47,216.18,6216200,216.18
"1180",218.8,220.19,214.22,219.9,5295800,219.9
"1181",218.3,220.64,216.34,217.26,4397900,217.26
"1182",215.05,216.96,209.75,211.39,4574300,211.39
"1183",208.75,216.66,208.65,216.56,5342100,216.56
"1184",217.79,219.95,215.01,219.53,4835900,219.53
"1185",220.22,224.99,216.72,222.57,5881700,222.57
"1186",223.99,227.2,221.25,226.78,5608800,226.78
"1187",227.57,240.44,226.74,239.3,11753000,239.3
"1188",237.11,244,232.88,241.69,8223300,241.69
"1189",240.8,241.05,231.03,233.25,7385500,233.25
"1190",234.51,240.52,231.81,231.87,5881500,231.87
"1191",224.72,228.79,219,223.23,8254600,223.23
"1192",220.51,224.49,219.06,223.61,6468100,223.61
"1193",227.48,230.24,221.4,229.85,5794100,229.85
"1194",234.22,234.75,222.4,224.21,7837500,224.21
"1195",226.35,235.81,225.6,229.71,14436900,229.71
"1196",234.17,234.3,216.29,222.44,9378500,222.44
"1197",218.19,223,215.21,216.23,6550300,216.23
"1198",217.01,221.6,211.39,211.98,6624400,211.98
"1199",209.62,215,200.43,212.5,8711600,212.5
"1200",212.53,220.17,208.48,219.5,6508200,219.5
"1201",220.28,223.62,217.55,221.51,6849300,221.51
"1202",222.48,227.9,218.41,224.74,6784300,224.74
"1203",226.23,232.8,224.1,231.32,5143100,231.32
"1204",230.6,236.75,229,235.48,5003700,235.48
"1205",236.64,241.84,234.33,236.81,6510800,236.81
"1206",237,239.68,235.23,236.15,4833500,236.15
"1207",240.87,246.71,240.18,246.71,5923700,246.71
"1208",244.29,246.71,240.67,242.33,4779000,242.33
"1209",242.31,244.61,236.62,243.88,4609700,243.88
"1210",240.67,243.33,229.25,231.53,6715100,231.53
"1211",232.13,234.74,229.8,233.61,4524900,233.61
"1212",236.91,237,230.6,234.78,4572500,234.78
"1213",236.02,240.47,234,237.61,4975800,237.61
"1214",238.59,239.01,225.89,227.15,14012600,227.15
"1215",203.69,207.58,196.51,198.4,24134200,198.4
"1216",204.26,208.6,201.1,206.78,10774300,206.78
"1217",206.53,218.4,205.75,217.32,9880400,217.32
"1218",215.79,218.89,213.04,213.51,7343300,213.51
"1219",208.11,216.21,207.43,212.1,8511800,212.1
"1220",215.55,216.79,212.72,215.62,6122000,215.62
"1221",216.3,218.5,213.02,218.29,5315000,218.29
"1222",217.65,218.23,214.33,216.48,4065800,216.48
"1223",216.84,220.2,214,217,3860000,217
"1224",219.2,219.35,215.21,217.99,3914500,217.99
"1225",214.95,215.7,210.6,211.22,4680600,211.22
"1226",213.5,214.06,208.1,210.79,5044600,210.79
"1227",212.52,217.88,210.31,217.39,5163100,217.39
"1228",215.65,222.35,214.25,218.93,6522200,218.93
"1229",218,220.33,214.26,217.83,5739000,217.83
"1230",216.27,216.97,211.23,211.99,5509400,211.99
"1231",212.51,212.9,202.1,204.52,7983100,204.52
"1232",205.33,205.34,197.11,197.14,8437500,197.14
"1233",193.29,193.36,185.05,189.25,11321200,189.25
"1234",186.95,194.04,183.58,192.34,9915600,192.34
"1235",193.06,194.6,187.89,188.99,8011300,188.99
"1236",190.41,190.83,181.51,182.4,4972000,182.4
"1237",191.65,194.62,190.54,194.15,7207300,194.15
"1238",194.78,195.5,187.3,188.39,6575100,188.39
"1239",194.76,195.3,188.75,192.29,7717000,192.29
"1240",191.85,198.07,191.59,197.13,7327700,197.13
"1241",197.07,199.66,195.18,196.03,7526200,196.03
"1242",198.86,199,193.67,196.24,5922100,196.24
"1243",195.98,198.32,190.11,191.99,5202000,191.99
"1244",191.03,196.71,189.12,195.32,6427300,195.32
"1245",193.57,195.89,190.08,190.48,4361100,190.48
"1246",191.21,193.95,188.4,193.03,5158800,193.03
"1247",190.03,191.15,187.63,189.52,4343200,189.52
"1248",188.56,189.68,178.5,180.51,9297300,180.51
"1249",179,180.75,170.25,180.21,11614200,180.21
"1250",182.05,184.8,179.53,181.26,7259900,181.26
"1251",182.42,184.41,180.31,181.26,6664100,181.26
"1252",182,183.17,179,179.33,4533600,179.33
"1253",182.69,183.17,180.54,182.52,4600100,182.52
"1254",181.92,183.5,172.49,174.35,8066700,174.35
"1255",175.09,179.67,174.21,179.03,4694900,179.03
"1256",179.22,179.68,175.6,177.28,3496500,177.28
"1257",177.73,178.59,176.16,176.27,2950900,176.27
"1258",176.39,176.65,172.28,173.89,3659500,173.89
"1259",169.62,174.55,166.97,173.86,8209300,173.86
"1260",173.36,175.17,172.49,173.1,4279800,173.1
"1261",175.89,179.48,175.55,179.03,5110800,179.03
"1262",179.21,180.5,176.07,177.51,4205200,177.51
"1263",175.94,178.25,174.05,177.61,3809100,177.61
"1264",178.07,184.65,177.5,182.61,7008400,182.61
"1265",182.76,184.37,177,178.56,5056900,178.56
"1266",181.1,182.4,177.1,179.34,3985800,179.34
"1267",179.64,180.77,178.19,178.9,3102700,178.9
"1268",179.42,179.49,175.75,175.93,5385800,175.93
"1269",175.81,178.8,173.5,178.42,4753500,178.42
"1270",180.15,183.3,178.51,181.66,5644500,181.66
"1271",181.94,190.25,181.12,189.44,7473500,189.44
"1272",190.88,195.94,190.36,194.45,7096000,194.45
"1273",190.71,192.9,189.04,190.93,5610300,190.93
"1274",190.79,191.73,185.23,186.09,4585300,186.09
"1275",185,188.41,183.82,187,4673800,187
"1276",186.99,188.17,184.61,187.8,4306400,187.8
"1277",189.3,194.85,188.73,193.32,5873600,193.32
"1278",193.09,196.5,192.33,195.37,4659000,195.37
"1279",193.68,195,190.13,192.15,5424100,192.15
"1280",194,195.63,189.7,194.44,12772200,194.44
"1281",173.81,179.95,172,179.46,21336600,179.46
"1282",179.65,181.94,176.8,181.72,8736300,181.72
"1283",182.83,187.9,181.89,187.68,8120500,187.68
"1284",186.28,186.56,182.92,183.14,5310000,183.14
"1285",182.65,184.94,182.06,184.19,5103900,184.19
"1286",184.95,186.49,182.91,185.48,5476600,185.48
"1287",184.5,185.69,181.76,184.98,7189200,184.98
"1288",183.42,187.63,182.52,185.54,5797100,185.54
"1289",187.17,192.5,185.68,191.59,6071400,191.59
"1290",191.08,193.57,186.1,191.3,9527100,191.3
"1291",191.29,191.54,183.26,184.47,7794400,184.47
"1292",177.79,181.68,175.14,179.93,12563800,179.93
"1293",180.09,183.41,179.36,182.5,7418100,182.5
"1294",182.65,184.75,180.58,182.26,6756500,182.26
"1295",181.95,182.99,180.29,180.58,5785400,180.58
"1296",179.64,180.75,176.96,178.89,5153800,178.89
"1297",179.7,180.74,178.37,179.13,3668700,179.13
"1298",177.54,179.19,176.5,178.53,3706200,178.53
"1299",178.9,184.29,177.95,183.8,5764500,183.8
"1300",183.89,184,179.01,179.69,5300300,179.69
"1301",179.89,180.49,176.58,180.04,4936000,180.04
"1302",179.48,181.84,178.92,179.3,3657800,179.3
"1303",179,181.82,178.18,180.26,4682700,180.26
"1304",178.68,183.5,178.04,181.09,5612200,181.09
"1305",182.65,185.5,182.4,183.77,4951500,183.77
"1306",184.17,188.38,183.8,187.64,4221500,187.64
"1307",186.79,187.2,183.44,184.32,4510600,184.32
"1308",184.13,185.4,182.2,183.39,2587600,183.39
"1309",183.92,184.87,180.77,184.59,4405800,184.59
"1310",183.65,184.32,181.14,182.26,3699700,182.26
"1311",182.02,184.43,180.3,184.43,4160100,184.43
"1312",183.28,185.68,182.35,185.05,4934000,185.05
"1313",183.45,186.68,183,185.52,3903400,185.52
"1314",184.88,194.41,182.88,192.33,9165400,192.33
"1315",192.5,194.28,191.26,191.73,4214400,191.73
"1316",190.54,194.06,190.26,192.4,3739600,192.4
"1317",192.01,196.2,191.8,195.04,5984000,195.04
"1318",196.48,202.97,195.5,202.87,7613700,202.87
"1319",203.59,209.85,202.88,205.44,9600800,205.44
"1320",206.14,207,200.31,201.16,6245000,201.16
"1321",201.28,205.31,200.63,204.61,5711200,204.61
"1322",205.02,206.85,201.87,202.51,4438100,202.51
"1323",198.02,199.9,197,198.05,6430300,198.05
"1324",198.24,202.39,197.5,199.66,5000700,199.66
"1325",196.95,197.68,192.36,193.99,5456900,193.99
"1326",193.55,196.03,193.55,194.39,3217500,194.39
"1327",192.02,194.2,190.5,191.87,3135900,191.87
"1328",192.75,193.52,186.57,186.98,4455000,186.98
"1329",189.63,191.97,186.79,187.97,4337800,187.97
"1330",188.06,192.26,185.61,190.69,4027900,190.69
"1331",189.9,189.94,186.26,188.46,3431800,188.46
"1332",189.01,189.47,183.65,185.5,4044300,185.5
"1333",187.21,190.04,186.87,188.39,2829200,188.39
"1334",188.82,193.45,188.74,191.07,4001900,191.07
"1335",192.93,194.55,189.75,191.1,4002400,191.1
"1336",192.34,193.48,189.8,189.98,3243600,189.98
"1337",188.99,188.99,185.51,188.24,3481000,188.24
"1338",188.68,190.7,186.51,190.33,3376300,190.33
"1339",191.67,194.8,191.6,194.42,3955100,194.42
"1340",193.57,196.36,193.02,195.99,10234000,195.99
"1341",224.83,228.69,220.22,226.85,22116900,226.85
"1342",223.95,233.84,223.05,231.9,9756900,231.9
"1343",229.4,232.97,228.4,230.04,6754900,230.04
"1344",227.82,231.44,227.4,230.25,4593400,230.25
"1345",229.74,232.53,228.03,229.45,4055500,229.45
"1346",227.8,229.72,223.74,223.99,4585200,223.99
"1347",222.36,226.87,222.29,225.16,3314300,225.16
"1348",223.15,225.39,218.2,223.9,4522400,223.9
"1349",220.59,225.78,220.16,222.98,3712000,222.98
"1350",223.91,229.08,221.95,226.69,4648400,226.69
"1351",225.95,230.68,225.73,227.68,4193600,227.68
"1352",225.6,227.29,222.51,222.93,3096600,222.93
"1353",226.5,230.61,223,224.39,5713700,224.39
"1354",225,228,222.5,224.06,5261800,224.06
"1355",225.05,226,218.09,218.36,4505500,218.36
"1356",219.41,219.63,212.81,213.85,5231700,213.85
"1357",214.03,219.98,212.82,218.11,3579800,218.11
"1358",218.31,218.87,213.96,215.33,3733100,215.33
"1359",214.71,217.55,211.18,217.28,4243800,217.28
"1360",216.98,217.66,212.7,215.24,3141100,215.24
"1361",214.99,215.98,212.22,212.89,2171400,212.89
"1362",214.3,216.55,212.29,214.75,2693900,214.75
"1363",212.14,212.98,207.75,209.23,4078200,209.23
"1364",209.48,213.79,207.11,212.91,4944000,212.91
"1365",208.44,211.23,207.3,208.22,3951500,208.22
"1366",207.4,215.35,206.37,214.57,4299600,214.57
"1367",213.85,216.86,211.16,213.21,3543900,213.21
"1368",214.63,218.4,214.52,217.64,2710100,217.64
"1369",219.65,221.49,218.11,218.8,3503900,218.8
"1370",218.61,219.42,216.66,218.48,2877000,218.48
"1371",217.49,220.87,215.2,216.5,3749100,216.5
"1372",217.65,218,214.52,216.42,2833300,216.42
"1373",215.52,217.38,213.52,214.73,2325200,214.73
"1374",215.26,216.5,212.56,214.45,3060900,214.45
"1375",215.29,219.33,214.46,218.35,3785200,218.35
"1376",217.28,223.76,216.73,222.66,3369600,222.66
"1377",223.26,225.2,221.66,224.03,2716600,224.03
"1378",224.51,224.74,220.84,223.02,2444400,223.02
"1379",223.84,226.03,220.52,220.57,2843000,220.57
"1380",221.83,222.51,219.35,222.16,2187500,222.16
"1381",220.3,221.59,218,220.07,2382300,220.07
"1382",221.45,226.39,221.45,225.61,3754100,225.61
"1383",225.01,227.5,223.3,225.62,2799200,225.62
"1384",223.92,224.62,218.75,221.31,2994800,221.31
"1385",224.7,228.35,223.71,228.35,3614400,228.35
"1386",229.3,229.34,226.34,229.32,2330700,229.32
"1387",229.14,229.53,227.59,229.53,1331700,229.53
"1388",228.62,230.5,226.53,227.06,2682300,227.06
"1389",226.35,228.9,224.18,225.05,3203200,225.05
"1390",225,226,223.45,225.05,1922000,225.05
"1391",226.25,227.14,218.28,219.5,2982100,219.5
"1392",218.95,221.74,215.34,218.37,2734700,218.37
"1393",216.61,217.3,212.61,215.36,2616200,215.36
"1394",215.63,219.31,213.88,218.39,2221900,218.39
"1395",216.6,218.31,214.46,216.01,2004200,216.01
"1396",217.45,217.94,213.96,216.93,1987000,216.93
"1397",216.15,218.67,215.71,217.47,2093000,217.47
"1398",220.73,227.5,220.69,226.17,5449400,226.17
"1399",225.36,229.39,225.29,228.29,4170000,228.29
"1400",224.72,226.58,221.54,226.01,5515100,226.01
"1401",226.27,226.61,221.23,223.04,5008700,223.04
"1402",222,222.5,215.91,217.05,3646700,217.05
"1403",220,221.45,214.95,220.01,6937400,220.01
"1404",225.25,238.34,224.5,237.32,11313900,237.32
"1405",237,240.74,234.07,236.09,3736400,236.09
"1406",235.1,236.3,231.61,233.3,3453600,233.3
"1407",234.14,234.38,230.7,232.09,2543800,232.09
"1408",230.56,234.34,228.66,230.81,3048100,230.81
"1409",234.03,236.49,233.03,234.97,2825300,234.97
"1410",235.56,235.74,233.81,233.99,1843700,233.99
"1411",234.13,238,233.25,236.56,2058300,236.56
"1412",235.29,236.45,233.59,234.38,1534300,234.38
"1413",233.93,235.99,233.5,234.06,1548100,234.06
"1414",233.08,234.85,231.43,232.75,1852500,232.75
"1415",232.23,234.37,231,232.44,1997300,232.44
"1416",234.71,236.72,232.62,233.19,2751000,233.19
"1417",232.26,238.14,232.25,237.42,3264700,237.42
"1418",237.72,242.82,236.2,241.55,4312100,241.55
"1419",240.6,243.35,240.47,241.17,3085800,241.17
"1420",241.37,241.65,238.2,240.35,1889900,240.35
"1421",240.88,243.85,238.55,239.45,2571500,239.45
"1422",239.4,244.9,238.8,243.1,2473700,243.1
"1423",242.14,243.48,239.02,241.2,2453900,241.2
"1424",241.68,246.87,241.36,245.74,3698800,245.74
"1425",245.79,247.5,243.12,243.92,2929700,243.92
"1426",243.97,246.78,243,246.11,2742300,246.11
"1427",246.78,247.61,244.59,247.12,1772600,247.12
"1428",246.99,250,245.25,246.22,3647500,246.22
"1429",248.07,249.45,245.5,248.27,3347500,248.27
"1430",248.27,251,244.66,247.88,3950800,247.88
"1431",247.61,248.61,245.3,246.22,2652600,246.22
"1432",248.23,252.7,247.2,251.38,5361400,251.38
"1433",253.85,259.42,253.52,259.14,5029500,259.14
"1434",259,260,256.82,257.09,2567200,257.09
"1435",257.6,257.6,254.26,255.67,2524800,255.67
"1436",256.5,257.78,253.5,255.63,2273200,255.63
"1437",254.94,262,253.8,260.24,3525600,260.24
"1438",261.4,264.11,259.77,261.27,3666200,261.27
"1439",261.25,261.25,257,258,2306300,258
"1440",258.48,260.5,257,258.75,2215000,258.75
"1441",259.45,262.84,258.53,261.68,2636800,261.68
"1442",260.03,260.87,258,260.81,2913600,260.81
"1443",261.74,262,256.74,257.47,6059300,257.47
"1444",255.22,255.6,253,254.8,2707900,254.8
"1445",256.33,258.95,251.03,252.46,4405800,252.46
"1446",252.4,254.61,248.23,249.67,2920500,249.67
"1447",250.54,257.4,250.52,256.59,3397400,256.59
"1448",256.14,257,253.2,254.32,2456600,254.32
"1449",255.4,256.16,250.49,252.01,2581200,252.01
"1450",252.8,253.15,249.03,250.6,2195800,250.6
"1451",251.21,256.1,249.56,255.92,2745600,255.92
"1452",256.01,261.52,255.87,260.47,2700400,260.47
"1453",261.2,261.9,257.49,258.51,2806500,258.51
"1454",257.67,259.8,255.56,259.06,1762300,259.06
"1455",258.67,259.35,250.73,250.96,3494800,250.96
"1456",252,252.46,244.01,244.99,3948300,244.99
"1457",248,249.3,241.89,244.22,3447300,244.22
"1458",243.18,245.46,241.91,242.36,2203200,242.36
"1459",242.85,244.78,238.51,244.18,2959800,244.18
"1460",244.87,245.77,242.08,243.94,2204100,243.94
"1461",243.37,248.8,243.3,247.49,3302700,247.49
"1462",247.77,250.91,242.7,244.85,5305300,244.85
"1463",245.16,246.82,238.94,240,4395300,240
"1464",238.81,238.95,232.32,233.78,4500000,233.78
"1465",231.05,236.5,230.01,234.31,4430800,234.31
"1466",235.88,235.94,227.95,228.49,3678700,228.49
"1467",230.92,230.92,222.92,222.92,6741300,222.92
"1468",228.6,238.71,226.69,238.24,11367500,238.24
"1469",236.32,238.7,230.5,232.89,4797600,232.89
"1470",234.23,234.55,231.34,232.14,3905100,232.14
"1471",234.01,237.4,232.11,232.42,3374700,232.42
"1472",232.04,234.83,230.11,234.33,1846100,234.33
"1473",235.41,237.75,234.45,237.56,2661300,237.56
"1474",235.65,235.66,229.42,232.06,3624200,232.06
"1475",232.22,233.45,227.1,227.35,2982400,227.35
"1476",226.26,230.97,224.6,226.31,3092500,226.31
"1477",226.59,229.22,225.41,226.47,2128800,226.47
"1478",225.12,227.9,224.71,226.6,2629800,226.6
"1479",226.5,227.41,222.51,222.95,3034100,222.95
"1480",222.3,225.16,218.18,220.6,3404700,220.6
"1481",221.31,226.25,218.64,225.23,4352800,225.23
"1482",228.32,232.5,227.45,229.71,3591200,229.71
"1483",230,233.82,229.5,233.78,2771700,233.78
"1484",233.84,238.67,232.75,238.03,2959300,238.03
"1485",239.89,240,236.48,239.88,1776800,239.88
"1486",240.39,244.32,238,243.62,4178300,243.62
"1487",243.22,245.67,241.54,243.4,3048500,243.4
"1488",242.45,247.23,241.5,247.11,2743400,247.11
"1489",248.05,252.48,247.5,251.27,5310500,251.27
"1490",250.38,252.65,248.27,252.05,3797400,252.05
"1491",252.54,254.16,250,250.33,2990600,250.33
"1492",249.94,253,248.66,252.49,3114700,252.49
"1493",252.44,255.55,250.38,253.96,2852200,253.96
"1494",253,255.17,251.51,253.37,3557900,253.37
"1495",254.14,255.21,252.01,253.27,2170300,253.27
"1496",253.1,254.78,247.3,247.77,3503800,247.77
"1497",248.5,253.48,246.65,250.69,4185200,250.69
"1498",251.07,254.36,250.06,251.76,2628100,251.76
"1499",251.11,254.54,250.02,251.25,2460200,251.25
"1500",250.11,251.9,247.79,249.19,2526900,249.19
"1501",249.81,254,249.26,253.86,2277000,253.86
"1502",254.57,263.11,254.57,260.4,4961000,260.4
"1503",261.3,261.67,257.68,257.99,2300000,257.99
"1504",258.36,262.41,256.54,261.5,2584600,261.5
"1505",257.82,258.38,255.74,256.92,4704600,256.92
"1506",257.3,259.5,256.96,258.62,984400,258.62
"1507",257.15,257.42,248.04,248.63,4152700,248.63
"1508",248.28,249.35,242.86,248.31,3639300,248.31
"1509",245.85,247.44,245.05,245.18,1858700,245.18
"1510",243.75,252.41,242.75,250.87,3419000,250.87
"1511",256.08,258.1,253.26,257.31,3271000,257.31
"1512",257.27,260.88,256.37,258.48,2750900,258.48
"1513",257.58,259.8,256.65,259.15,1874200,259.15
"1514",262.97,269.73,262.67,268.46,4910000,268.46
"1515",267.07,268.98,263.57,266.38,3010700,266.38
"1516",268.17,269.5,265.4,266.35,2265600,266.35
"1517",268.54,268.74,262.3,265.34,2863400,265.34
"1518",265.1,268.43,264.11,267.94,2413300,267.94
"1519",268,274.26,267.54,272.73,4275000,272.73
"1520",270.68,272.73,269.3,271.9,2326900,271.9
"1521",270.53,271.24,267.83,268.93,2065600,268.93
"1522",271.5,271.97,269.21,270.48,1884600,270.48
"1523",270.83,274.5,269.6,272.12,2942000,272.12
"1524",271.62,272.1,269.23,270.19,2137700,270.19
"1525",270.57,271.09,266.65,268.11,2508900,268.11
"1526",269.37,276.65,269.37,273.46,3417000,273.46
"1527",275,284.72,274.4,283.99,4968100,283.99
"1528",283.78,284.48,274.4,276.04,4321400,276.04
"1529",275.35,275.46,258.35,260.35,10172600,260.35
"1530",283,284.2,267.11,272.76,13075400,272.76
"1531",271.04,275.94,263.7,265.5,6772100,265.5
"1532",268.93,268.93,262.8,265,6115000,265
"1533",262.78,264.68,259.07,259.98,3723600,259.98
"1534",262,268.03,261.46,266.89,4012900,266.89
"1535",265.16,266.89,261.11,262.22,2770400,262.22
"1536",264.1,264.1,255.11,260.23,3975700,260.23
"1537",261.4,265.25,260.55,261.95,3879200,261.95
"1538",263.2,263.25,256.6,257.21,3403700,257.21
"1539",259.19,260.16,257,258.7,2943700,258.7
"1540",261.53,269.96,260.3,269.47,5293000,269.47
"1541",267.37,270.65,265.4,269.24,3463000,269.24
"1542",267.63,268.92,263.11,265.09,3979900,265.09
"1543",265.91,270.11,264.5,269.75,2854200,269.75
"1544",270.2,274.3,266.37,266.41,3528900,266.41
"1545",265.12,269.48,263.25,265.94,3637400,265.94
"1546",266.62,267.11,261.61,265.42,3124800,265.42
"1547",266.94,268.69,259.65,259.87,3032400,259.87
"1548",260.89,262.04,255.73,259.36,3348600,259.36
"1549",259.4,265.83,256.86,263.25,2908100,263.25
"1550",261.81,267,260.63,264.27,2667200,264.27
"1551",263.27,266.6,261.04,265.74,2957000,265.74
"1552",265.36,273.3,264.14,273.11,3453000,273.11
"1553",274,276.68,269.99,275.59,3686200,275.59
"1554",275.76,276.49,271.83,273.79,2050700,273.79
"1555",274.1,274.8,271.85,273.88,1939000,273.88
"1556",275,275.44,271.5,274.19,1879800,274.19
"1557",273.43,273.99,270.4,271.24,1904900,271.24
"1558",271,277.4,270.36,274.13,3246200,274.13
"1559",275.24,276.5,272.64,275.1,1884200,275.1
"1560",269.67,270,263.53,265.74,5226700,265.74
"1561",264.98,267.26,260.05,261.82,4865900,261.82
"1562",259.3,261.49,257.12,257.89,2720200,257.89
"1563",258.4,259.5,252.62,256.41,3738500,256.41
"1564",258.05,259.76,254.55,257.28,2738900,257.28
"1565",256.11,257,252.68,253.39,2806400,253.39
"1566",254.55,257.77,252.07,257.75,3124600,257.75
"1567",258.58,259.43,254.5,256.02,2513900,256.02
"1568",257.05,261.48,256.28,260.31,2421000,260.31
"1569",258.75,265.93,257.9,265.3,2874900,265.3
"1570",265.82,267.38,264.06,266.49,2473700,266.49
"1571",266.98,267.4,261.01,261.61,2524800,261.61
"1572",262.4,265.89,260.55,263.32,2631100,263.32
"1573",262.12,263.67,257.75,259.03,2413800,259.03
"1574",259.23,260.41,256.12,259.08,1964400,259.08
"1575",255.72,256.18,253.67,255.48,2557400,255.48
"1576",255.92,259.68,255.63,258.95,2295600,258.95
"1577",258.85,262.61,257,261.14,2156600,261.14
"1578",261.78,265.98,259.32,264.77,2322500,264.77
"1579",264.74,270.97,264.74,269.85,3090500,269.85
"1580",270.12,273.27,267.02,272.87,2866300,272.87
"1581",271.08,275.12,267.1,267.72,3326000,267.72
"1582",269.31,272.8,268.06,272.34,2137200,272.34
"1583",270.8,270.85,264.25,267.4,3135100,267.4
"1584",266.81,266.99,256.6,259.42,3137600,259.42
"1585",258.16,262.88,257.5,260.32,2602500,260.32
"1586",259.35,264.6,258.03,263.55,2119100,263.55
"1587",264.5,269.87,264.5,268.9,2270600,268.9
"1588",269.5,271.47,266.81,268.78,1852800,268.78
"1589",271.53,275.8,270.5,274.7,6116500,274.7
"1590",269.97,272.02,252.81,254.81,14030000,254.81
"1591",254.9,257.01,249.15,249.74,7117000,249.74
"1592",249.37,254.68,248.56,253.81,4248800,253.81
"1593",253.9,254.2,245.75,248.23,4391400,248.23
"1594",248.94,252.93,245.78,252.55,3936200,252.55
"1595",256.14,259.25,254.7,258.05,3514000,258.05
"1596",258.09,259.5,253.42,255.72,2347800,255.72
"1597",256.31,259.74,252.91,257.73,3133700,257.73
"1598",256.87,260.3,255.33,258.68,2677000,258.68
"1599",258.73,263.55,256.88,260.16,2769300,260.16
"1600",260.88,263.65,260.21,263.63,3145300,263.63
"1601",262.77,265.88,262,264.51,2149500,264.51
"1602",264.5,269.4,264.03,268.33,2700000,268.33
"1603",267.07,269.05,264.56,266.56,2720500,266.56
"1604",265.96,268.43,263.85,264.12,1643500,264.12
"1605",265.83,269.98,265,269.9,2527300,269.9
"1606",269,271.79,266.5,267.63,2209000,267.63
"1607",268.74,270.77,267.66,268.86,1741200,268.86
"1608",267.39,267.59,260.8,262.96,3332000,262.96
"1609",260.49,263.17,259.59,261.8,2000300,261.8
"1610",259.85,261.93,258.34,261.74,1696300,261.74
"1611",266.48,271.1,266,267.29,3471000,267.29
"1612",265.46,268.25,264.84,265.53,1903400,265.53
"1613",265.71,268.57,265.61,266.83,1667500,266.83
"1614",266,271.91,265.94,269.2,3374300,269.2
"1615",268.96,269.11,262.95,266.88,2543900,266.88
"1616",267,268.88,263.02,265.7,2088600,265.7
"1617",265.81,271.66,265.02,267.17,3512300,267.17
"1618",267.75,270.5,264.21,267.83,2476300,267.83
"1619",269.74,280.1,269.13,276.87,4632600,276.87
"1620",276.68,282.47,275.24,281.07,3086500,281.07
"1621",276,278.41,274.24,274.78,3097800,274.78
"1622",276.6,276.8,270.45,271.67,2238900,271.67
"1623",271.5,276.8,270.29,275.79,2649800,275.79
"1624",275,277.07,273.44,273.99,2150800,273.99
"1625",276.35,280.2,275.65,278.06,2884000,278.06
"1626",279.08,282.91,278.11,281.76,2146100,281.76
"1627",281.26,283.34,277.87,278.16,2827500,278.16
"1628",275.14,278.6,272.39,273.44,2984000,273.44
"1629",274.57,275.84,269.79,273.36,4201000,273.36
"1630",271.29,273.16,265,270.61,3863800,270.61
"1631",272.3,273.47,269,272.09,2449600,272.09
"1632",273.98,277.98,273.5,277.57,3029500,277.57
"1633",279.18,280.2,274.54,277.55,2519500,277.55
"1634",276.19,279.83,276.19,277.69,3193300,277.69
"1635",279,283.29,277.16,282.1,2888200,282.1
"1636",281.04,286.58,280.59,283.73,3238200,283.73
"1637",282,285.4,282,284.03,1373000,284.03
"1638",285,286.38,282.07,285.88,1985400,285.88
"1639",286.42,291.67,286.14,290.59,3046700,290.59
"1640",291,292.57,288.01,291.53,2775600,291.53
"1641",291.41,293.34,289.4,292.33,1810200,292.33
"1642",294.99,300.69,292.1,299.66,4007300,299.66
"1643",298.69,307.55,298.5,307.55,4539300,307.55
"1644",307.27,307.99,304.35,306.57,2245600,306.57
"1645",307.3,309.39,305.51,306.87,2660200,306.87
"1646",306.97,308.8,305.69,308.69,2029700,308.69
"1647",306.27,306.34,301.87,304.11,3063800,304.11
"1648",304.39,305.79,301.91,305.23,2973100,305.23
"1649",309.25,309.25,302,303.48,2520700,303.48
"1650",303.16,305.06,300.56,301.06,1999600,301.06
"1651",303.02,303.84,298.04,298.94,2000500,298.94
"1652",299,304.5,296.75,303.4,5405800,303.4
"1653",299.55,313.62,295.55,312.01,8817500,312.01
"1654",311.07,313,305.9,306.1,3211800,306.1
"1655",307.72,309.78,301.57,302.41,3053400,302.41
"1656",303.91,305.15,301,301.22,1891300,301.22
"1657",303.08,306.21,298.9,305.57,2971700,305.57
"1658",304.63,305.33,301.5,304.21,2502600,304.21
"1659",303.4,303.62,298.3,300.99,2233200,300.99
"1660",300.51,301.36,297.52,300.75,1849000,300.75
"1661",300.15,300.99,296.15,296.91,1961000,296.91
"1662",298.52,298.52,292.55,295.74,2343400,295.74
"1663",295.68,299.27,294.3,297.26,1950300,297.26
"1664",295.79,299.08,295.26,296.69,1504500,296.69
"1665",295.88,296.37,290.67,293.97,2349900,293.97
"1666",294.29,294.29,290.54,291.34,1415000,291.34
"1667",288.79,289.3,285.15,286.47,2261400,286.47
"1668",286.55,288.33,284.5,284.82,2422500,284.82
"1669",285.19,289.56,283.48,285.57,2477400,285.57
"1670",285.88,289.51,285.74,287.09,1586300,287.09
"1671",285.09,288.5,283.83,284.57,1815300,284.57
"1672",284.8,289.87,284.8,289.73,1422600,289.73
"1673",291.21,291.5,287.9,290.01,1961900,290.01
"1674",290.43,291.05,285.62,286.21,1711700,286.21
"1675",283.87,285.28,279.74,280.93,2476000,280.93
"1676",280.36,283,279.33,281.58,1457100,281.58
"1677",281.45,285.98,280,283.98,1566400,283.98
"1678",284.59,284.87,280,280.98,1534700,280.98
"1679",284.73,291.39,284.17,288.8,2897600,288.8
"1680",288.33,295.23,287.58,293.64,2438600,293.64
"1681",293.63,297,292.71,294.1,1816600,294.1
"1682",295.33,298.88,290.8,295.86,2292000,295.86
"1683",297.22,299.96,296.6,299.71,1643600,299.71
"1684",300.55,301,297.22,300.36,1778400,300.36
"1685",298.91,301.86,297.84,299.64,1742600,299.64
"1686",299.39,302,297.66,298.86,1606200,298.86
"1687",300.14,300.22,296.2,297.92,1350600,297.92
"1688",299.82,301,295.26,296.06,1808400,296.06
"1689",297.63,304.65,296.01,304.17,2296500,304.17
"1690",304.06,312.74,302.91,312.03,2946400,312.03
"1691",313.77,314.54,311.04,312.06,2350900,312.06
"1692",312.54,320.57,312.41,316.34,5302300,316.34
"1693",314.01,315.9,308.77,311.49,1884900,311.49
"1694",312.43,318.08,311.28,314.13,2033600,314.13
"1695",314.53,316.71,310.75,312.65,2008600,312.65
"1696",313.9,319.37,313.26,318.12,1989900,318.12
"1697",316.92,317.21,313.35,316.01,1657500,316.01
"1698",313.41,315.31,311.06,312.64,1623600,312.64
"1699",314.22,321,313.65,320.95,2396400,320.95
"1700",318.04,321.73,317.52,320.51,2217400,320.51
"1701",320.39,322.92,313.02,314.76,2674800,314.76
"1702",315.13,319.2,312.62,319.04,1815000,319.04
"1703",315.24,315.34,309.74,310.03,2083200,310.03
"1704",311.5,311.55,300.27,303.23,3166200,303.23
"1705",303.42,303.5,296.5,298.23,3247400,298.23
"1706",304.63,306.7,302.59,305.17,2555100,305.17
"1707",304.77,310.93,303.84,310.89,2163100,310.89
"1708",309.22,311.65,307,310.7,1939100,310.7
"1709",309.87,310.79,305.26,306.4,2261100,306.4
"1710",308.38,310.8,305.55,310.49,2170700,310.49
"1711",307.07,311,305.24,310.77,2648400,310.77
"1712",319.36,331.89,316.75,328.93,5969800,328.93
"1713",329.89,330,323.8,326.44,2522300,326.44
"1714",327.72,337.11,325.68,332.54,3935500,332.54
"1715",330.84,331.72,324.06,326.76,2818200,326.76
"1716",329.63,332.65,326.75,332.21,5884700,332.21
"1717",358.6,368.4,352.62,363.39,12036800,363.39
"1718",359.92,362.75,357.2,358.16,3635800,358.16
"1719",358.96,362.89,356.29,362.7,2185400,362.7
"1720",362.62,365,358.65,361.08,4502200,361.08
"1721",361.73,366,359,364.03,2466800,364.03
"1722",365.63,365.77,356.1,359,3331000,359
"1723",360.12,361,354.4,358.74,1938400,358.74
"1724",356.78,360.17,354.84,358.89,2007100,358.89
"1725",360.45,362.87,354.5,356.18,2282300,356.18
"1726",355.86,357.9,341.88,343.56,4246300,343.56
"1727",345.95,351.05,344.04,350.31,2656900,350.31
"1728",350.59,355.37,348.06,354.38,2261700,354.38
"1729",352.99,355.48,347.28,349.53,2343100,349.53
"1730",347.4,356.22,345.68,356.22,2773300,356.22
"1731",357.39,368.94,356.43,367.4,4159800,367.4
"1732",367.63,372.9,365.55,369.17,4491600,369.17
"1733",370.28,373.49,364.67,366.18,2737400,366.18
"1734",365.82,368.78,362.5,364.94,1904800,364.94
"1735",367.56,367.56,360.45,362.57,1771500,362.57
"1736",364.05,369.25,363.3,368.92,1964600,368.92
"1737",370,374.5,366.31,372.31,2965500,372.31
"1738",373.82,377.79,373.18,376.64,2972300,376.64
"1739",377.61,382.5,374.82,381.37,2724400,381.37
"1740",383.5,387,382.61,386.71,2269700,386.71
"1741",389.1,394.1,388.62,393.62,2406000,393.62
"1742",399,399,389.1,392.3,4714000,392.3
"1743",390.11,390.95,383.1,384.66,3702900,384.66
"1744",383.5,389.69,381.49,385.96,2355300,385.96
"1745",386.65,386.65,381.37,384.49,1906500,384.49
"1746",388.35,388.35,383.83,386.95,1984700,386.95
"1747",388.11,388.21,382.57,384.89,2761800,384.89
"1748",383.74,389.06,383.02,387.78,2736800,387.78
"1749",387.34,388.98,382,382.19,2451300,382.19
"1750",381.26,385,379.5,381.25,2123700,381.25
"1751",385.32,389.42,383.8,384.24,3025000,384.24
"1752",385.03,391.7,385,388.97,2251700,388.97
"1753",390.65,391.36,386.5,387.65,2343900,387.65
"1754",389.23,396.3,383.1,395.96,3489100,395.96
"1755",394.27,397.29,392.6,395.19,2427200,395.19
"1756",396.55,404.72,395.78,402.2,5033900,402.2
"1757",403.69,405,399.2,402.92,2659500,402.92
"1758",402.52,403.72,396.37,399.2,1380400,399.2
"1759",401.79,404.52,396.81,404.39,1868500,404.39
"1760",404.65,405.63,396.25,398.08,1986900,398.08
"1761",399.41,399.92,392.45,393.37,2487100,393.37
"1762",394.58,398.83,393.8,398.79,1996500,398.79
"1763",398.8,399.36,394.02,397.97,2137800,397.97
"1764",398.29,402.71,396.22,396.44,2210200,396.44
"1765",395.85,397,388.42,393.63,3170600,393.63
"1766",395.04,398.47,394.29,398.03,1916000,398.03
"1767",398.47,403,396.04,401.92,2316500,401.92
"1768",403.71,406.89,398.44,401.01,2103000,401.01
"1769",402.53,403.76,393.8,397.66,2679500,397.66
"1770",397.98,399.78,388.45,390.98,2844900,390.98
"1771",392.13,398.63,391.29,397.54,2340100,397.54
"1772",398.94,399.31,392.53,395.87,2678300,395.87
"1773",393.68,399.29,389.41,395.8,2601200,395.8
"1774",394.26,403.49,393.66,399.61,4505100,399.61
"1775",403,407.8,401.6,407.05,3122100,407.05
"1776",408,408.06,402,404.54,2060500,404.54
"1777",401,406.17,397.79,399.87,3025400,399.87
"1778",398.16,400.2,387.27,387.6,4458400,387.6
"1779",390.5,394.1,380.49,386.28,3936800,386.28
"1780",387.4,394.74,387.12,394.43,2894500,394.43
"1781",392.16,392.85,383.24,384.2,3382300,384.2
"1782",393.77,406.25,387.7,403.01,10473900,403.01
"1783",371.76,375.45,357.76,358.69,16154800,358.69
"1784",358.98,360.85,340.1,346.15,10280800,346.15
"1785",349.59,354,344.02,347.95,4812900,347.95
"1786",346,349.37,337.73,346.45,4435400,346.45
"1787",347.4,354.82,347.4,354.59,3335700,354.59
"1788",358.98,361.8,352.49,361.08,4330500,361.08
"1789",361.61,365,359.35,360.87,3449700,360.87
"1790",361.84,363.61,356.25,361.79,3222100,361.79
"1791",356.43,357.75,346.32,349.25,6587700,349.25
"1792",347.7,357.2,346.5,357.2,4175000,357.2
"1793",359.34,359.34,353.35,357.35,3520200,357.35
"1794",355.28,355.73,349.45,353.65,4998000,353.65
"1795",352.64,354.54,346.1,347.38,4168100,347.38
"1796",348.8,350.46,344.38,349.8,3492800,349.8
"1797",352.44,354.14,346.75,346.76,4210000,346.76
"1798",345.19,353,343.29,351.78,3644700,351.78
"1799",353,361.08,351.58,358.32,3736400,358.32
"1800",359.86,364.75,357.17,359.8,3622100,359.8
"1801",357.22,360.59,355.5,360.13,3104900,360.13
"1802",360.6,365.87,357.08,362.1,3882000,362.1
"1803",358.74,360.96,354.48,359.78,2798300,359.78
"1804",363.9,365.68,362.46,363.9,2704400,363.9
"1805",364.13,372.73,363.9,372.37,3848300,372.37
"1806",374.05,375.33,368.9,372.16,2926600,372.16
"1807",374.58,374.99,369.53,372.06,2279800,372.06
"1808",372.69,372.73,367,370.53,2105800,370.53
"1809",370.99,372.8,367.28,368.82,2246100,368.82
"1810",366.4,371.16,363.61,370.64,2216600,370.64
"1811",376.62,383.11,368.08,371.51,6829000,371.51
"1812",372.8,378.57,371.55,373.74,4402200,373.74
"1813",375.72,378.85,374.88,375.04,2303000,375.04
"1814",377.32,379,375,378.77,2483500,378.77
"1815",378.77,379,369.42,373.23,2646700,373.23
"1816",370.64,373,366.22,368.97,2558500,368.97
"1817",371,372.84,358.4,360.62,5414100,360.62
"1818",360.09,361.5,348.6,351.85,4873500,351.85
"1819",354.03,358.97,348.84,354.71,4445700,354.71
"1820",357.13,357.6,343.4,343.41,4120700,343.41
"1821",343.15,344,330.88,338.47,5766400,338.47
"1822",340.05,347,336.08,338.29,3986800,338.29
"1823",342.4,346.29,334.06,336.37,4297500,336.37
"1824",338.09,344.43,338,342.99,3600100,342.99
"1825",345.99,348.3,340.38,341.96,4475500,341.96
"1826",341.82,342.5,328.46,333.62,6399300,333.62
"1827",335.15,335.44,315.61,323,12534600,323
"1828",320.99,324.94,313.13,317.76,7077400,317.76
"1829",321.88,328,318.44,327.07,6577600,327.07
"1830",328.47,332.18,322.5,331.81,5056600,331.81
"1831",330.6,331,316.5,317.11,6126700,317.11
"1832",314,316.5,309.5,311.73,7287500,311.73
"1833",317.67,320.48,311.28,315.91,4293500,315.91
"1834",316.7,318.28,305.5,316.08,5398600,316.08
"1835",321.17,324,314.71,323.68,4284900,323.68
"1836",319.76,328.66,319.76,324.91,4299200,324.91
"1837",323.97,331.15,322.31,330.87,2999400,330.87
"1838",332,337.5,328.94,329.32,3711600,329.32
"1839",333.06,333.13,323.39,324.58,3604600,324.58
"1840",329.67,337.4,322.95,337.15,9293700,337.15
"1841",316.25,316.49,302.71,303.83,16180200,303.83
"1842",304,304.39,288,296.58,14479800,296.58
"1843",296.44,301.84,290.45,300.38,6509300,300.38
"1844",298.1,304.56,298.1,304.13,4088600,304.13
"1845",304.13,310.48,304,307.89,4328600,307.89
"1846",310.42,313.29,304.31,308.01,3995100,308.01
"1847",306.37,310.23,305,310.05,2519900,310.05
"1848",309.53,309.81,297.04,297.38,4682300,297.38
"1849",295.56,296.4,286.68,292.71,7015200,292.71
"1850",290.82,295.88,287.23,288.32,3848200,288.32
"1851",290.57,293.68,284.38,292.24,4063000,292.24
"1852",294.3,303.34,294.16,302.86,3729600,302.86
"1853",302.6,305.6,300.75,304.64,3509900,304.64
"1854",302.5,304.64,296.66,297.62,3323300,297.62
"1855",298.02,299.2,290.38,295.19,4295100,295.19
"1856",292.8,298.88,291.55,297.7,3636800,297.7
"1857",295.76,299,293.81,296.76,2284200,296.76
"1858",297.1,304.46,296.75,301.19,4095700,301.19
"1859",302.21,305.96,301.52,305.01,3408800,305.01
"1860",305.05,308.54,303.01,304.91,2576800,304.91
"1861",305.46,312.35,304.9,312.24,3052900,312.24
"1862",314.41,314.63,307.38,310.82,4862100,310.82
"1863",309.5,313.82,307.42,310.16,2726000,310.16
"1864",310.42,314.87,310.2,313.78,2365500,313.78
"1865",314.43,314.65,307.57,312.55,4260200,312.55
"1866",312.59,312.6,307,308.84,2203400,308.84
"1867",305.75,307.92,305.07,307.19,2379200,307.19
"1868",306.85,309.5,303.84,306.78,2107100,306.78
"1869",308.1,327.94,306.9,323.57,7796700,323.57
"1870",325,330.88,324.93,329.67,5244000,329.67
"1871",331.57,333,325.65,327.5,3212200,327.5
"1872",327.65,335.5,327.5,332.41,3663400,332.41
"1873",336,340.72,333.88,335.2,4436800,335.2
"1874",335.55,335.55,324.66,325.91,4276300,325.91
"1875",327.05,329.3,323.53,326.27,2764800,326.27
"1876",324.86,328.69,323.52,327.62,2449800,327.62
"1877",327.54,331.34,325.23,325.62,2924100,325.62
"1878",328,335.75,325,334.38,6401500,334.38
"1879",335.26,338.9,325.98,327,5320600,327
"1880",327.76,328.22,320.42,324.2,6054000,324.2
"1881",323.33,327.55,321.41,327.24,2604800,327.24
"1882",327.54,329.73,322.74,324.16,2626600,324.16
"1883",324.33,328.15,321.74,327.44,2327800,327.44
"1884",328.49,328.65,322.13,325.69,2699500,325.69
"1885",325.88,326.52,323.27,324.57,2416200,324.57
"1886",324.98,326.98,322.24,324.78,2671300,324.78
"1887",325.86,333.2,325.1,332.39,3173600,332.39
"1888",333.2,336.76,331.66,332.85,2681300,332.85
"1889",334.83,338.3,333.08,337.49,1944300,337.49
"1890",337.5,337.55,332.52,333.55,2128900,333.55
"1891",333.1,333.74,321.4,323.81,4271600,323.81
"1892",324.71,330.2,323.15,329.97,3166100,329.97
"1893",324.34,329.98,322.65,327.92,2665000,327.92
"1894",334.71,347,334.71,346.2,8300800,346.2
"1895",347.03,355.77,345.36,355.32,5609900,355.32
"1896",353.72,355.59,349.4,354.44,4170900,354.44
"1897",355.62,359.32,353,355.9,3503600,355.9
"1898",353.44,356.96,351.38,352.45,3636000,352.45
"1899",354.4,359.68,352.08,358.66,3407400,358.66
"1900",358.1,361.71,356.72,359.76,2278400,359.76
"1901",355.25,362.93,355.25,360.84,2888900,360.84
"1902",359.05,360.63,356.62,358.14,2687300,358.14
"1903",359.98,364.85,358.52,358.61,7e+06,358.61
"1904",317.3,324.87,314.76,324.01,17846500,324.01
"1905",324.25,324.82,316.5,320.41,5932000,320.41
"1906",321.98,322.9,319.5,320,2883800,320
"1907",321.45,322.73,318.5,322.51,3969000,322.51
"1908",320.01,320.68,311.86,312.99,5192000,312.99
"1909",313.69,315.83,304.59,307.06,7441500,307.06
"1910",308.84,316.18,308.5,313.65,4200900,313.65
"1911",313.3,314.55,310.06,312.32,2852100,312.32
"1912",310.83,315.78,310.2,313.89,2296900,313.89
"1913",315.21,315.88,309.65,311.45,2935600,311.45
"1914",311.94,317.32,310.66,316.8,2705900,316.8
"1915",318.48,320.38,316.88,318.33,2468600,318.33
"1916",318.89,321.31,316.95,319.32,1915800,319.32
"1917",327.6,331.72,326.14,326.28,4945100,326.28
"1918",327.8,334.09,326.71,333.21,3420400,333.21
"1919",334,335,328.32,333.63,3896700,333.63
"1920",335.48,337.8,333.77,334.53,2485400,334.53
"1921",334.87,335.81,333.01,335.13,1713800,335.13
"1922",334.68,337.16,334.02,335.78,1810500,335.78
"1923",336.48,336.58,332.23,332.91,1971100,332.91
"1924",332.99,334.08,330.8,331.59,2211200,331.59
"1925",333.21,336.77,332.71,334.02,1957700,334.02
"1926",337,344.36,334.55,341.83,3638200,341.83
"1927",342.09,346.67,341.34,343.18,2961600,343.18
"1928",340,341.79,338.8,340.02,2252700,340.02
"1929",341.76,341.82,337.68,339.04,1939500,339.04
